transaction_id,transaction_date,amount,merchant_name,merchant_category,location,status,card_id,id
1,2025-07-23,4351.36,Half Free,footwear,Sderot,Reversed,616,3
2,2030-04-29,4449.38,Amazon,food,Netivot,Pending,484,4
3,2026-04-25,1424.58,Amazon,transportation,Kiryat Gat,Approved,112,7
4,2026-08-14,4247.31,Carrefour,Tech,Kiryat Yam,Declined,136,2
5,2027-04-08,2416.89,McDonald's,food,Rehovot,Approved,55,6
6,2028-09-30,2512.9,McDonald's,Retail,Kiryat Shmona,Reversed,586,2
7,2025-08-19,2617.61,H&M,footwear,Tel Aviv-Yafo,Approved,695,2
8,2024-12-04,244.85,Carrefour,leisure,Ramat Gan,Pending,366,2
9,2025-11-23,2386.66,Half Free,education,Herzliya,Reversed,538,2
10,2024-12-04,4273.62,Amazon,food,Ma'ale Adumim,Approved,98,6
11,2024-12-15,2523.19,Half Free,Streaming,Haifa,Declined,879,4
12,2024-07-13,1332.96,Osher Ad,Tech,Petah Tikva,Approved,475,4
13,2027-03-16,3463.97,Osher Ad,education,Ma'alot-Tarshiha,Pending,147,1
14,2024-06-19,3962.72,Apple,Tech,Lod,Reversed,598,7
15,2026-04-19,4227.9,Yochananoff,transportation,Sderot,Approved,302,4
16,2030-03-09,196.97,Carrefour,Streaming,Or Yehuda,Declined,792,2
17,2026-12-28,858.89,H&M,Streaming,Ashdod,Reversed,728,3
18,2028-01-17,342.34,Yochananoff,food,Nes Ziona,Reversed,521,1
19,2027-01-31,4751.09,Yochananoff,Streaming,Givatayim,Reversed,277,2
20,2024-08-03,4370.61,Apple,Streaming,Ma'ale Adumim,Pending,481,6
21,2025-06-01,4432.23,Yesh Chesed,Clothing,Sderot,Pending,750,4
22,2024-08-31,3009.95,Yesh Chesed,transportation,Kiryat Yam,Declined,75,7
23,2024-05-29,2095.04,Yesh Chesed,Clothing,Kiryat Ata,Pending,342,1
24,2026-09-16,3732.29,Osher Ad,home,Tel Aviv-Yafo,Approved,84,2
25,2030-03-03,4503.45,McDonald's,leisure,Kiryat Gat,Reversed,335,2
26,2029-11-25,4655.94,Shufersal,food,Rosh Ha'ayin,Pending,895,2
27,2027-04-26,1444.97,Yochananoff,Retail,Ma'ale Adumim,Reversed,245,1
28,2029-12-28,4870.59,Half Free,Tech,Kiryat Ono,Approved,746,1
29,2025-08-09,3045.95,Half Free,leisure,Yehud-Monosun,Declined,548,6
30,2026-08-18,4811.92,Apple,education,Eilat,Pending,320,2
31,2026-06-26,2292.13,Shufersal,Tech,Nof HaGalil,Pending,545,4
32,2028-04-28,1231.92,McDonald's,Retail,Netanya,Declined,845,2
33,2025-07-21,599.85,Shufersal,footwear,Modi'in-Maccabim-Re'ut,Reversed,564,2
34,2028-04-06,59.11,H&M,Retail,Nof HaGalil,Reversed,9,3
35,2025-03-22,2342.95,Half Free,Clothing,Rehovot,Reversed,351,2
36,2027-08-02,3365.42,Yochananoff,Tech,Or Yehuda,Pending,590,4
37,2028-07-31,112.97,Rami Levy,Streaming,Kiryat Ata,Declined,929,1
38,2026-11-10,4365.16,Carrefour,leisure,Rosh Ha'ayin,Reversed,993,2
39,2029-05-14,4500.04,Yesh Chesed,transportation,Or Yehuda,Approved,537,2
40,2025-03-04,3236.05,Osher Ad,transportation,Nesher,Approved,354,1
41,2028-12-08,1887.74,Amazon,footwear,Kiryat Malachi,Reversed,567,7
42,2028-09-29,2967.81,Apple,Retail,Givat Shmuel,Pending,315,1
43,2026-12-26,898.32,Apple,Retail,Ra'anana,Pending,293,5
44,2029-04-03,491.74,Half Free,leisure,Kiryat Yam,Approved,260,1
45,2027-09-15,3167.77,H&M,home,Beer Sheva,Declined,156,3
46,2028-12-01,2293.05,McDonald's,education,Kfar Yona,Pending,65,6
47,2025-01-21,4862.11,Apple,leisure,Kiryat Ata,Declined,217,4
48,2024-07-01,1959.39,McDonald's,footwear,Ashkelon,Reversed,924,6
49,2025-04-16,4530.86,Osher Ad,education,Rishon Lezion,Declined,30,3
50,2026-05-06,2285.74,H&M,Streaming,Kiryat Malachi,Approved,742,4
51,2029-11-03,3104.12,Shufersal,Tech,Karmiel,Approved,885,7
52,2024-12-17,1058.09,McDonald's,footwear,Haifa,Pending,951,5
53,2027-06-01,1040.9,Yochananoff,food,Kfar Yona,Approved,673,2
54,2027-06-28,664.54,Rami Levy,education,Or Akiva,Pending,211,5
55,2026-11-20,3484.36,Walmart,Clothing,Kiryat Ono,Reversed,356,2
56,2025-01-11,216.52,H&M,home,Ashdod,Reversed,145,3
57,2028-08-26,106.3,Walmart,transportation,Kiryat Bialik,Pending,867,1
58,2029-02-18,3731.37,McDonald's,Streaming,Afula,Approved,593,7
59,2025-10-15,3453.04,Amazon,leisure,Karmiel,Approved,679,5
60,2026-09-28,3657.37,H&M,home,Or Akiva,Reversed,886,2
61,2025-01-11,1638.17,Osher Ad,Clothing,Yehud-Monosun,Pending,681,6
62,2025-02-10,651.72,Carrefour,Streaming,Ra'anana,Approved,243,2
63,2027-08-16,2379.96,Half Free,leisure,Safed,Declined,369,2
64,2026-02-20,235.49,Carrefour,education,Kiryat Yam,Pending,481,5
65,2028-08-30,4866.7,Half Free,Tech,Nesher,Declined,421,6
66,2028-04-20,308.27,McDonald's,Tech,Givatayim,Approved,832,4
67,2028-07-10,6.8,McDonald's,education,Or Yehuda,Declined,506,5
68,2028-01-10,3941.89,Netflix,footwear,Dimona,Pending,934,5
69,2026-03-03,2118.19,Yochananoff,home,Kfar Yona,Pending,23,1
70,2026-05-09,1251.36,Yesh Chesed,Retail,Ofakim,Reversed,247,5
71,2026-10-17,1484.92,Rami Levy,Clothing,Ramat Hasharon,Approved,983,6
72,2028-04-04,972.92,Osher Ad,Tech,Holon,Declined,321,3
73,2028-06-27,761.39,Yesh Chesed,transportation,Sderot,Declined,375,2
74,2024-06-20,4480.85,Carrefour,transportation,Lod,Reversed,197,7
75,2026-03-21,2546.9,Carrefour,transportation,Kfar Yona,Pending,206,6
76,2028-10-12,295.86,Amazon,Streaming,Lod,Declined,155,6
77,2026-03-25,4117.62,Half Free,food,Nesher,Reversed,761,7
78,2025-05-17,2535.2,Netflix,education,Petah Tikva,Reversed,717,2
79,2029-03-13,4673.97,Carrefour,food,Hadera,Reversed,182,5
80,2025-04-04,3205.0,Amazon,leisure,Givat Shmuel,Reversed,425,2
81,2029-05-11,4853.85,Half Free,leisure,Netivot,Approved,578,3
82,2029-07-11,1231.99,Half Free,Tech,Rishon Lezion,Declined,372,1
83,2025-10-12,3761.95,Amazon,education,Modi'in Illit,Declined,944,7
84,2026-09-03,2663.51,Yesh Chesed,food,Eilat,Declined,841,7
85,2029-09-26,2217.16,Rami Levy,education,Kiryat Ono,Declined,387,3
86,2028-10-05,3223.41,Yesh Chesed,Clothing,Be'er Ya'akov,Declined,673,2
87,2025-08-15,2632.93,Walmart,education,Jerusalem,Declined,49,6
88,2025-07-05,2506.05,Carrefour,home,Ramla,Approved,825,1
89,2028-10-25,3005.95,Shufersal,Tech,Kiryat Malachi,Reversed,348,6
90,2026-01-30,2031.86,Apple,Tech,Netanya,Pending,857,7
91,2026-10-06,4053.78,Apple,leisure,Modi'in-Maccabim-Re'ut,Declined,187,4
92,2028-05-24,3814.67,McDonald's,Clothing,Ariel,Approved,656,1
93,2029-03-19,3885.97,Rami Levy,Retail,Nesher,Reversed,199,7
94,2028-08-14,4475.68,McDonald's,footwear,Ramat Hasharon,Reversed,503,7
95,2030-04-14,2410.89,Half Free,transportation,Netivot,Reversed,239,5
96,2028-01-26,4103.83,Yochananoff,footwear,Ramat Gan,Declined,389,1
97,2026-01-24,1045.89,Apple,Streaming,Hod Hasharon,Reversed,871,3
98,2029-09-11,4220.07,Shufersal,footwear,Bat Yam,Declined,508,5
99,2029-04-06,581.88,Carrefour,Tech,Netivot,Approved,586,3
100,2028-07-23,344.17,Half Free,food,Petah Tikva,Approved,468,1
101,2026-04-21,1580.13,Walmart,Retail,Be'er Ya'akov,Declined,882,4
102,2030-01-28,932.49,Half Free,education,Ariel,Pending,287,4
103,2024-09-09,4432.79,Yochananoff,education,Ma'ale Adumim,Declined,602,1
104,2029-05-25,1850.38,Netflix,leisure,Beitar Illit,Approved,463,4
105,2029-10-26,2684.1,Amazon,education,Holon,Declined,50,6
106,2029-01-23,50.48,H&M,education,Kfar Saba,Reversed,511,6
107,2024-09-15,1795.49,Walmart,Clothing,Or Akiva,Reversed,203,1
108,2025-06-12,159.01,Carrefour,education,Nahariya,Declined,194,6
109,2027-12-06,1867.56,Half Free,footwear,Kiryat Bialik,Reversed,246,2
110,2029-03-23,1377.87,Rami Levy,Tech,Bnei Brak,Approved,702,7
111,2026-09-29,3756.3,McDonald's,Clothing,Rishon Lezion,Declined,974,3
112,2030-01-25,3770.78,Half Free,Clothing,Rehovot,Pending,479,4
113,2029-11-15,1992.23,Netflix,Tech,Nesher,Approved,477,3
114,2024-08-09,826.93,Carrefour,Retail,Ashdod,Pending,82,3
115,2026-06-12,3781.57,H&M,food,Migdal Ha'emek,Declined,19,6
116,2025-11-18,3340.51,Walmart,education,Beit Shemesh,Pending,341,5
117,2025-02-27,3100.49,Yochananoff,leisure,Kiryat Ata,Pending,574,4
118,2029-10-05,3915.19,Half Free,footwear,Netanya,Approved,974,4
119,2028-11-20,2777.22,Apple,footwear,Haifa,Approved,242,3
120,2028-04-27,3741.72,Yesh Chesed,Retail,Ramat Hasharon,Declined,977,5
121,2030-05-11,3779.45,Netflix,Tech,Holon,Pending,73,3
122,2027-02-25,17.11,Amazon,Retail,Beit Shemesh,Pending,135,5
123,2030-04-03,2206.22,Amazon,home,Or Yehuda,Approved,449,6
124,2024-09-22,4441.35,Walmart,Streaming,Modi'in-Maccabim-Re'ut,Approved,240,7
125,2027-08-28,1533.11,Half Free,Retail,Beit She'an,Pending,36,5
126,2030-03-08,3419.75,Yochananoff,leisure,Ofakim,Declined,496,6
127,2026-06-29,3268.7,Carrefour,footwear,Migdal Ha'emek,Reversed,781,3
128,2028-08-06,4611.35,Amazon,Retail,Kiryat Motzkin,Approved,252,2
129,2027-04-29,1266.09,Shufersal,Tech,Ramat Hasharon,Reversed,409,5
130,2026-06-03,4250.36,H&M,home,Karmiel,Approved,369,2
131,2028-06-30,3378.08,Netflix,food,Hadera,Declined,996,6
132,2026-09-11,1221.09,Netflix,Tech,Ramat Gan,Reversed,941,7
133,2029-01-30,3263.0,Netflix,footwear,Rishon Lezion,Approved,517,4
134,2025-05-23,894.21,McDonald's,transportation,Kiryat Motzkin,Reversed,421,3
135,2028-03-07,2544.88,Osher Ad,footwear,Jerusalem,Reversed,330,1
136,2028-09-09,3274.53,Amazon,leisure,Ramat Gan,Approved,733,2
137,2029-08-26,3435.56,Amazon,education,Bat Yam,Reversed,430,6
138,2026-07-15,4054.53,Yochananoff,education,Yavne,Approved,563,5
139,2024-11-01,4208.78,Carrefour,leisure,Or Akiva,Approved,753,3
140,2026-12-25,161.92,H&M,leisure,Hadera,Reversed,866,4
141,2025-05-17,312.47,Yesh Chesed,home,Karmiel,Pending,11,2
142,2025-12-25,2298.11,Osher Ad,education,Beer Sheva,Pending,688,4
143,2026-07-13,2252.69,Yochananoff,Clothing,Dimona,Approved,822,2
144,2026-05-21,335.36,Yochananoff,education,Ramat Hasharon,Declined,660,3
145,2025-09-17,1241.15,Yesh Chesed,Clothing,Nof HaGalil,Approved,752,7
146,2026-03-07,913.74,Shufersal,transportation,Petah Tikva,Approved,159,5
147,2028-11-05,3682.89,Yochananoff,transportation,Nes Ziona,Reversed,935,7
148,2030-02-15,455.64,Apple,footwear,Hod Hasharon,Pending,443,6
149,2025-03-28,1517.65,Netflix,leisure,Ramla,Reversed,145,1
150,2027-03-24,2254.84,Half Free,Streaming,Rehovot,Declined,914,7
151,2028-12-09,1537.2,Amazon,leisure,Kiryat Ata,Declined,434,2
152,2028-07-21,3958.06,Amazon,Clothing,Or Akiva,Declined,543,5
153,2029-08-03,4117.2,Half Free,Streaming,Kiryat Ata,Declined,980,3
154,2027-06-11,4885.68,Amazon,Retail,Nahariya,Declined,34,2
155,2026-10-11,3339.08,McDonald's,leisure,Kiryat Bialik,Pending,482,6
156,2024-10-25,567.96,Yochananoff,footwear,Givatayim,Reversed,756,3
157,2028-09-08,3536.36,Rami Levy,leisure,Herzliya,Declined,242,3
158,2026-09-22,4851.35,Amazon,Streaming,Safed,Declined,370,6
159,2029-02-22,3352.59,Shufersal,Clothing,Yokneam Illit,Pending,397,7
160,2026-09-11,654.06,Amazon,food,Kiryat Motzkin,Approved,196,2
161,2030-02-17,491.72,H&M,food,Ma'alot-Tarshiha,Pending,63,6
162,2024-12-26,96.14,H&M,education,Herzliya,Pending,720,1
163,2029-01-09,1040.22,McDonald's,footwear,Herzliya,Approved,663,3
164,2026-05-03,517.16,Netflix,footwear,Modi'in-Maccabim-Re'ut,Pending,943,2
165,2026-09-26,1365.5,Carrefour,Tech,Netivot,Declined,377,3
166,2024-07-17,4215.76,Half Free,education,Nahariya,Pending,278,2
167,2030-02-26,1500.4,Apple,footwear,Herzliya,Declined,193,4
168,2028-12-03,1103.7,McDonald's,leisure,Acre,Reversed,701,5
169,2028-06-17,4072.84,Walmart,Streaming,Hadera,Approved,911,6
170,2027-03-09,328.39,Carrefour,education,Yokneam Illit,Declined,122,3
171,2029-09-21,34.51,Walmart,home,Ma'alot-Tarshiha,Reversed,156,3
172,2026-02-07,3315.61,Half Free,transportation,Hod Hasharon,Pending,816,3
173,2025-11-24,1243.19,Amazon,Retail,Kfar Saba,Approved,659,2
174,2030-05-12,1023.17,H&M,Clothing,Ramla,Approved,978,4
175,2024-05-28,4864.47,Walmart,Clothing,Petah Tikva,Declined,816,2
176,2027-06-27,4053.02,Osher Ad,Tech,Holon,Reversed,337,4
177,2027-05-24,4266.44,Yochananoff,education,Dimona,Reversed,623,4
178,2026-07-20,3386.83,Yochananoff,Retail,Beitar Illit,Approved,650,4
179,2025-02-23,3494.58,Yesh Chesed,Retail,Kfar Yona,Reversed,948,3
180,2029-06-25,4870.94,Half Free,Clothing,Kiryat Shmona,Approved,200,6
181,2027-06-23,3196.33,Apple,leisure,Netivot,Reversed,327,4
182,2025-11-14,4774.26,Netflix,home,Jerusalem,Approved,982,5
183,2029-03-05,4105.93,McDonald's,Tech,Kiryat Gat,Pending,491,2
184,2029-10-02,2770.6,Osher Ad,Clothing,Modi'in Illit,Declined,996,2
185,2026-02-04,3500.98,Yochananoff,education,Karmiel,Declined,234,2
186,2028-11-17,3868.5,Walmart,Tech,Or Yehuda,Reversed,678,5
187,2027-06-02,4487.33,Osher Ad,home,Beit She'an,Approved,833,1
188,2030-01-20,4977.78,Shufersal,leisure,Kfar Saba,Pending,589,2
189,2028-01-09,230.08,McDonald's,Tech,Hod Hasharon,Reversed,133,6
190,2026-10-29,3932.28,Amazon,education,Rishon Lezion,Declined,515,7
191,2028-02-12,3221.71,Shufersal,transportation,Haifa,Reversed,229,2
192,2027-01-11,1439.64,Shufersal,footwear,Beitar Illit,Declined,812,6
193,2029-09-02,1010.58,Half Free,Streaming,Nesher,Pending,642,1
194,2028-01-23,2278.33,Apple,leisure,Modi'in Illit,Declined,598,7
195,2030-05-02,231.74,Netflix,Retail,Beit She'an,Approved,974,2
196,2025-03-24,3681.06,Shufersal,Retail,Karmiel,Approved,952,1
197,2025-02-18,1535.4,Amazon,education,Ma'ale Adumim,Declined,88,4
198,2028-07-22,4668.97,Yesh Chesed,Streaming,Herzliya,Reversed,504,5
199,2027-03-05,2904.08,Osher Ad,education,Ramat Gan,Pending,849,6
200,2025-09-01,1905.51,H&M,leisure,Beit She'an,Pending,21,6
201,2028-11-19,3056.49,Netflix,leisure,Ofakim,Reversed,791,5
202,2026-01-01,3165.0,Netflix,Retail,Kiryat Ata,Approved,343,7
203,2029-10-10,1641.79,Osher Ad,Clothing,Karmiel,Approved,662,2
204,2029-11-28,2728.07,Yesh Chesed,education,Yavne,Reversed,19,2
205,2029-05-26,4739.37,Yochananoff,education,Nof HaGalil,Pending,342,6
206,2028-12-05,1370.17,Amazon,Tech,Tel Aviv-Yafo,Reversed,877,3
207,2025-02-02,3269.74,Carrefour,Streaming,Dimona,Reversed,530,7
208,2028-01-21,3829.71,Apple,education,Kiryat Yam,Pending,59,3
209,2026-09-11,2674.62,Osher Ad,transportation,Ra'anana,Reversed,839,3
210,2027-10-02,1098.84,Carrefour,Tech,Givat Shmuel,Declined,436,4
211,2026-04-04,4392.39,Shufersal,footwear,Acre,Declined,448,5
212,2030-01-02,4264.75,Half Free,footwear,Bnei Brak,Declined,103,3
213,2027-08-15,2033.28,H&M,Tech,Kiryat Motzkin,Reversed,829,6
214,2028-02-14,2172.42,Walmart,education,Acre,Reversed,708,1
215,2029-03-05,3195.94,Carrefour,Retail,Hod Hasharon,Reversed,38,6
216,2027-07-10,889.97,Yochananoff,Clothing,Modi'in Illit,Approved,400,6
217,2024-07-28,4418.21,Carrefour,Clothing,Be'er Ya'akov,Approved,597,4
218,2027-11-05,1044.74,Yesh Chesed,leisure,Netanya,Approved,405,7
219,2027-07-03,953.53,Apple,education,Nes Ziona,Approved,227,3
220,2028-06-13,1725.31,H&M,food,Modi'in-Maccabim-Re'ut,Pending,412,6
221,2028-04-13,96.03,Osher Ad,leisure,Yavne,Reversed,554,3
222,2027-03-12,489.57,Yesh Chesed,transportation,Hod Hasharon,Approved,191,3
223,2028-05-14,2283.66,Shufersal,food,Kiryat Gat,Approved,303,2
224,2029-09-27,1852.86,Rami Levy,education,Netivot,Reversed,125,4
225,2024-08-11,2385.75,Half Free,Retail,Bat Yam,Reversed,319,5
226,2029-02-21,3557.45,Osher Ad,home,Bnei Brak,Declined,824,1
227,2029-07-14,4882.67,Apple,Streaming,Safed,Pending,730,7
228,2029-04-23,3022.09,Yochananoff,Retail,Sderot,Approved,158,4
229,2025-07-03,1431.94,Half Free,home,Beitar Illit,Declined,322,7
230,2028-10-12,4337.23,Half Free,education,Afula,Reversed,291,6
231,2025-09-09,3278.67,Yochananoff,Retail,Or Akiva,Approved,582,4
232,2028-09-12,4974.28,Half Free,leisure,Ashkelon,Pending,154,4
233,2029-06-02,4268.82,Apple,food,Ramat Gan,Approved,996,2
234,2024-08-02,683.23,Shufersal,Retail,Safed,Pending,913,6
235,2027-02-14,755.35,Carrefour,leisure,Karmiel,Declined,485,7
236,2029-11-28,1887.75,Apple,education,Elad,Declined,462,3
237,2028-02-02,3514.96,Netflix,education,Tel Aviv-Yafo,Declined,191,2
238,2027-05-09,3533.38,Carrefour,education,Elad,Pending,129,7
239,2027-08-24,433.95,Half Free,home,Be'er Ya'akov,Pending,750,7
240,2029-08-13,2474.76,Amazon,food,Ashdod,Declined,420,1
241,2027-05-06,4772.6,Half Free,food,Hod Hasharon,Approved,206,4
242,2029-07-25,684.51,Half Free,Streaming,Kiryat Motzkin,Declined,282,3
243,2030-03-24,4754.36,Apple,Tech,Beit She'an,Pending,192,3
244,2028-08-31,985.71,Walmart,Clothing,Ashdod,Declined,208,2
245,2028-10-30,1104.57,McDonald's,Retail,Ashkelon,Reversed,991,1
246,2025-02-15,4255.08,H&M,Clothing,Be'er Ya'akov,Reversed,626,1
247,2025-11-20,4008.87,H&M,leisure,Tiberias,Reversed,844,6
248,2024-11-21,2339.41,Osher Ad,education,Kiryat Motzkin,Pending,924,4
249,2026-06-30,644.95,Netflix,footwear,Modi'in Illit,Approved,108,1
250,2024-11-09,1622.69,Osher Ad,Streaming,Lod,Pending,667,3
251,2025-01-24,1393.83,Amazon,Retail,Ma'ale Adumim,Pending,375,1
252,2027-02-01,841.86,Amazon,Streaming,Kiryat Motzkin,Declined,769,4
253,2027-05-15,679.57,Netflix,Retail,Modi'in Illit,Reversed,134,3
254,2028-11-27,4411.77,Osher Ad,Tech,Dimona,Approved,637,7
255,2027-08-29,4343.51,Yesh Chesed,Retail,Dimona,Declined,501,2
256,2027-06-26,2227.67,Amazon,education,Modi'in-Maccabim-Re'ut,Declined,839,4
257,2024-08-01,978.92,McDonald's,transportation,Eilat,Pending,455,4
258,2030-02-20,4959.49,Netflix,Streaming,Ma'ale Adumim,Declined,47,2
259,2027-06-16,1940.29,Walmart,transportation,Ma'ale Adumim,Approved,678,1
260,2024-12-02,2385.82,Osher Ad,Tech,Ashkelon,Reversed,562,2
261,2026-10-09,3023.72,Carrefour,Clothing,Be'er Ya'akov,Reversed,45,4
262,2024-07-06,294.28,H&M,Retail,Kiryat Ata,Declined,574,6
263,2025-05-08,3440.7,Shufersal,home,Ma'ale Adumim,Approved,408,6
264,2030-01-16,2709.54,Half Free,food,Tiberias,Declined,545,5
265,2025-07-10,1236.48,Yochananoff,footwear,Kiryat Malachi,Reversed,70,6
266,2028-11-03,1236.86,Shufersal,Retail,Ma'ale Adumim,Approved,261,1
267,2024-11-26,2877.75,Amazon,education,Tel Aviv-Yafo,Pending,17,5
268,2026-11-02,4721.45,Rami Levy,Retail,Elad,Pending,78,6
269,2028-01-05,2627.98,Rami Levy,food,Migdal Ha'emek,Approved,259,6
270,2026-12-06,1476.32,Half Free,Clothing,Ma'ale Adumim,Pending,441,2
271,2028-11-12,1927.92,Osher Ad,leisure,Lod,Declined,933,5
272,2025-01-09,1527.72,Shufersal,leisure,Ashkelon,Pending,888,6
273,2029-11-15,168.83,Yesh Chesed,footwear,Rosh Ha'ayin,Declined,882,5
274,2024-07-22,2913.55,Netflix,education,Petah Tikva,Approved,817,3
275,2025-03-30,3155.49,Yochananoff,transportation,Sderot,Declined,171,6
276,2028-05-26,4796.94,Half Free,Tech,Ariel,Approved,709,1
277,2028-09-04,4553.11,Apple,Clothing,Rishon Lezion,Declined,334,7
278,2027-11-15,2877.38,Yochananoff,Tech,Safed,Declined,882,6
279,2029-08-27,450.62,Amazon,home,Nes Ziona,Declined,672,4
280,2027-09-16,861.22,Shufersal,Clothing,Netanya,Pending,860,4
281,2026-07-08,1881.67,Osher Ad,leisure,Kiryat Motzkin,Declined,493,5
282,2024-08-16,3121.5,H&M,Streaming,Kiryat Motzkin,Approved,939,6
283,2027-08-20,3910.31,Yesh Chesed,food,Bnei Brak,Approved,236,5
284,2025-05-21,2872.37,Shufersal,transportation,Yavne,Approved,729,4
285,2026-04-21,3220.85,Shufersal,Streaming,Hod Hasharon,Pending,32,1
286,2026-08-25,2580.61,Rami Levy,Retail,Rehovot,Declined,767,5
287,2029-09-21,3458.76,Half Free,education,Kiryat Motzkin,Declined,357,1
288,2028-05-27,2083.22,McDonald's,Retail,Givat Shmuel,Declined,382,3
289,2028-03-18,511.23,H&M,food,Lod,Pending,136,1
290,2029-04-04,1613.49,Half Free,education,Ramat Gan,Approved,658,6
291,2025-07-22,3021.16,McDonald's,Streaming,Netanya,Pending,881,4
292,2027-09-09,4835.54,Shufersal,home,Kiryat Ata,Approved,95,2
293,2028-08-12,868.57,Apple,Streaming,Kiryat Yam,Reversed,15,3
294,2027-06-20,2375.25,Walmart,education,Beer Sheva,Declined,694,5
295,2028-04-14,4293.53,McDonald's,Streaming,Eilat,Approved,728,5
296,2024-11-07,4628.88,Apple,footwear,Ra'anana,Reversed,979,7
297,2025-01-26,4.55,Netflix,Streaming,Nes Ziona,Pending,123,1
298,2029-01-24,162.43,Yesh Chesed,footwear,Ramat Gan,Declined,807,6
299,2026-01-12,3763.18,Yochananoff,Tech,Kfar Yona,Pending,162,6
300,2024-06-27,2185.58,Shufersal,Retail,Ramat Gan,Approved,464,4
301,2027-09-03,804.98,Walmart,Clothing,Beer Sheva,Declined,99,2
302,2024-10-07,965.22,Yesh Chesed,Streaming,Givatayim,Reversed,983,5
303,2030-04-21,1444.75,H&M,home,Hod Hasharon,Reversed,285,1
304,2029-10-20,2187.69,Netflix,education,Kiryat Motzkin,Reversed,980,4
305,2025-05-11,4977.91,Amazon,footwear,Netivot,Declined,7,4
306,2029-04-02,2143.48,Netflix,Streaming,Kiryat Ata,Reversed,183,6
307,2024-06-29,790.77,Rami Levy,food,Rosh Ha'ayin,Declined,935,2
308,2024-10-24,2693.22,Osher Ad,Clothing,Migdal Ha'emek,Pending,408,6
309,2030-03-13,4591.68,Shufersal,transportation,Hadera,Pending,70,2
310,2025-01-13,98.99,Carrefour,footwear,Be'er Ya'akov,Declined,601,1
311,2024-08-19,1444.71,Netflix,footwear,Sderot,Pending,306,6
312,2025-12-30,3863.3,Yesh Chesed,education,Jerusalem,Declined,321,7
313,2030-01-18,1015.11,Rami Levy,transportation,Nahariya,Reversed,292,5
314,2027-08-09,3848.91,Netflix,Streaming,Modi'in-Maccabim-Re'ut,Approved,761,7
315,2029-06-06,1311.42,Yochananoff,Tech,Ma'ale Adumim,Reversed,408,3
316,2028-05-25,4521.22,Netflix,Streaming,Ra'anana,Declined,435,4
317,2026-03-12,2288.06,Shufersal,education,Kiryat Malachi,Approved,732,7
318,2028-08-10,2914.31,Rami Levy,food,Beit She'an,Declined,443,7
319,2027-12-13,4708.06,Osher Ad,Clothing,Ashkelon,Reversed,210,7
320,2028-07-21,4000.86,Carrefour,transportation,Ma'alot-Tarshiha,Approved,485,2
321,2030-05-10,2489.63,Amazon,footwear,Haifa,Pending,800,6
322,2029-08-14,3387.64,Walmart,Clothing,Eilat,Declined,402,4
323,2029-09-11,1852.13,Half Free,Streaming,Yehud-Monosun,Pending,263,3
324,2027-02-09,397.98,Yesh Chesed,leisure,Ma'alot-Tarshiha,Pending,354,7
325,2026-03-12,2295.9,Amazon,Streaming,Ramat Gan,Declined,617,3
326,2027-02-17,2446.16,H&M,Streaming,Rishon Lezion,Declined,235,7
327,2025-12-10,876.28,Yochananoff,transportation,Modi'in-Maccabim-Re'ut,Approved,917,4
328,2028-07-16,3720.28,Apple,food,Kiryat Bialik,Declined,528,5
329,2025-07-27,4874.67,Walmart,Retail,Beit Shemesh,Approved,948,4
330,2029-11-02,2509.43,Half Free,food,Ofakim,Approved,203,7
331,2027-05-13,4068.0,Walmart,Tech,Herzliya,Approved,346,7
332,2025-01-22,4726.33,Netflix,leisure,Rosh Ha'ayin,Pending,641,6
333,2027-02-11,2759.88,H&M,Tech,Nes Ziona,Reversed,53,3
334,2026-10-08,4097.54,Osher Ad,Tech,Or Akiva,Pending,168,2
335,2024-06-10,927.75,McDonald's,Streaming,Modi'in Illit,Declined,556,6
336,2026-02-02,2782.96,Yochananoff,Tech,Kiryat Motzkin,Declined,165,7
337,2029-07-26,176.23,Osher Ad,Streaming,Ariel,Approved,693,7
338,2028-07-11,1919.75,H&M,education,Kiryat Malachi,Declined,727,1
339,2024-06-11,614.18,Carrefour,Tech,Hod Hasharon,Reversed,84,7
340,2025-12-15,441.6,Walmart,leisure,Modi'in-Maccabim-Re'ut,Reversed,570,7
341,2024-08-19,4681.28,Carrefour,Retail,Ramla,Pending,559,5
342,2025-02-25,3536.67,Carrefour,leisure,Ra'anana,Declined,961,5
343,2027-10-14,1588.89,Yesh Chesed,Tech,Ashdod,Approved,750,5
344,2026-08-03,230.35,H&M,food,Netivot,Reversed,126,6
345,2027-02-16,2926.15,McDonald's,Tech,Nahariya,Pending,712,5
346,2028-09-21,4630.85,Osher Ad,Clothing,Beit Shemesh,Pending,814,6
347,2027-08-11,405.86,Walmart,home,Kiryat Bialik,Pending,65,7
348,2029-06-23,1936.92,H&M,home,Beitar Illit,Reversed,219,6
349,2029-12-27,303.67,Shufersal,home,Safed,Approved,712,3
350,2029-05-26,3547.07,Carrefour,Streaming,Bnei Brak,Declined,408,5
351,2028-03-12,4314.23,McDonald's,Clothing,Nahariya,Pending,857,7
352,2028-01-31,1898.83,Yochananoff,transportation,Lod,Pending,939,4
353,2027-04-28,4633.23,Rami Levy,footwear,Givat Shmuel,Approved,582,4
354,2028-10-05,2524.5,Walmart,leisure,Beit She'an,Approved,160,7
355,2025-08-02,1212.6,Rami Levy,Retail,Hadera,Pending,68,1
356,2025-12-01,1088.61,Shufersal,leisure,Ma'alot-Tarshiha,Pending,58,5
357,2030-04-03,1037.93,Half Free,leisure,Petah Tikva,Pending,365,5
358,2028-07-05,2581.72,Half Free,Clothing,Beit Shemesh,Approved,385,3
359,2025-02-01,4062.76,Rami Levy,leisure,Nahariya,Reversed,487,5
360,2027-01-22,2771.82,Apple,Tech,Rehovot,Declined,327,3
361,2030-01-26,3625.29,Carrefour,Retail,Kfar Yona,Approved,941,7
362,2025-10-25,3961.91,Amazon,home,Lod,Declined,233,7
363,2026-08-13,4611.4,Carrefour,Clothing,Or Akiva,Reversed,162,1
364,2024-06-18,4813.85,Netflix,Retail,Beer Sheva,Declined,253,6
365,2027-12-07,2803.98,Apple,transportation,Kiryat Ata,Declined,241,4
366,2025-09-26,647.11,Rami Levy,leisure,Hod Hasharon,Declined,915,1
367,2029-07-21,4096.31,Shufersal,Clothing,Ra'anana,Pending,949,2
368,2024-12-08,4290.87,Apple,transportation,Ma'alot-Tarshiha,Pending,852,2
369,2025-05-01,383.8,H&M,Retail,Yehud-Monosun,Declined,918,5
370,2025-10-28,3374.13,Netflix,Tech,Tiberias,Approved,831,7
371,2029-04-14,4541.64,Carrefour,Clothing,Rishon Lezion,Pending,363,3
372,2025-05-23,3494.07,Apple,Clothing,Rishon Lezion,Declined,206,7
373,2028-12-24,3535.17,Osher Ad,education,Yehud-Monosun,Pending,625,5
374,2027-07-06,2616.18,Rami Levy,Tech,Kfar Saba,Reversed,665,2
375,2029-12-20,4776.79,Shufersal,footwear,Beitar Illit,Approved,570,1
376,2024-07-11,1686.48,Half Free,transportation,Acre,Declined,823,6
377,2029-05-10,842.44,Walmart,education,Kiryat Malachi,Pending,689,2
378,2025-08-19,1752.97,Half Free,transportation,Netanya,Declined,202,6
379,2025-02-22,4843.67,Yochananoff,footwear,Dimona,Pending,385,7
380,2024-06-24,2038.95,McDonald's,transportation,Safed,Reversed,261,6
381,2029-04-07,149.36,Rami Levy,food,Nof HaGalil,Reversed,612,5
382,2024-11-12,84.55,McDonald's,transportation,Kiryat Shmona,Pending,109,7
383,2027-05-16,4801.24,Amazon,Streaming,Holon,Declined,938,6
384,2027-01-17,4762.36,Walmart,Tech,Beit Shemesh,Declined,246,6
385,2028-04-08,2463.37,McDonald's,Streaming,Netanya,Reversed,89,3
386,2028-03-13,717.3,Amazon,Tech,Ashkelon,Approved,592,4
387,2025-04-02,2229.26,Yesh Chesed,leisure,Kiryat Gat,Reversed,493,6
388,2028-07-07,4020.89,Osher Ad,Retail,Lod,Approved,231,6
389,2025-10-07,4597.47,Rami Levy,food,Beit Shemesh,Declined,496,1
390,2027-09-18,3540.52,Osher Ad,Clothing,Netivot,Pending,132,5
391,2025-05-11,388.5,McDonald's,Retail,Ma'alot-Tarshiha,Reversed,352,5
392,2028-06-05,1659.12,Apple,leisure,Kiryat Ono,Reversed,592,7
393,2028-01-23,3986.93,Osher Ad,home,Ramla,Pending,471,4
394,2026-04-13,488.68,Walmart,transportation,Modi'in Illit,Reversed,614,7
395,2024-10-12,1357.99,H&M,Streaming,Ramat Gan,Reversed,157,2
396,2027-10-21,3750.54,Walmart,Streaming,Kiryat Shmona,Declined,122,6
397,2027-05-17,2041.21,Rami Levy,leisure,Holon,Pending,793,3
398,2024-11-03,3428.88,Amazon,Retail,Kiryat Yam,Declined,470,5
399,2029-08-27,2052.64,Half Free,Retail,Acre,Declined,303,7
400,2029-11-12,477.76,McDonald's,education,Rehovot,Declined,944,4
401,2026-01-15,2546.32,Walmart,Clothing,Or Akiva,Reversed,476,6
402,2026-03-24,3649.22,Apple,Retail,Yokneam Illit,Approved,851,5
403,2025-09-12,3975.15,Rami Levy,footwear,Karmiel,Approved,278,1
404,2027-11-11,3307.05,Walmart,Clothing,Eilat,Reversed,529,5
405,2025-01-22,1115.28,Yesh Chesed,transportation,Be'er Ya'akov,Approved,740,2
406,2029-12-17,4808.3,McDonald's,Streaming,Kfar Saba,Pending,40,4
407,2024-10-14,4903.27,McDonald's,transportation,Beit Shemesh,Approved,742,5
408,2025-07-20,874.88,Half Free,home,Holon,Reversed,168,6
409,2026-06-23,763.75,Yochananoff,home,Holon,Declined,75,5
410,2027-07-27,4709.06,Half Free,education,Ramla,Pending,613,5
411,2028-02-17,955.57,Rami Levy,leisure,Ashdod,Reversed,844,2
412,2028-11-21,3160.27,Netflix,leisure,Ariel,Pending,33,3
413,2030-01-30,1037.33,Netflix,transportation,Jerusalem,Declined,297,1
414,2025-11-17,672.02,Rami Levy,transportation,Sderot,Approved,796,5
415,2025-05-01,765.49,Amazon,food,Or Akiva,Reversed,304,4
416,2029-11-26,2196.73,Rami Levy,footwear,Tiberias,Pending,789,4
417,2028-09-04,2445.24,Osher Ad,Tech,Hod Hasharon,Pending,934,4
418,2025-12-04,2099.66,H&M,Streaming,Migdal Ha'emek,Pending,893,1
419,2025-07-03,1217.01,Apple,food,Kiryat Ono,Declined,519,6
420,2027-02-24,1189.7,Carrefour,education,Tiberias,Approved,339,3
421,2028-04-30,1810.84,Yesh Chesed,home,Nof HaGalil,Pending,881,4
422,2027-08-11,4924.13,Netflix,Retail,Kiryat Motzkin,Approved,719,7
423,2024-09-25,1257.73,H&M,Retail,Acre,Pending,304,4
424,2027-04-01,3082.72,Yesh Chesed,food,Yavne,Pending,170,7
425,2030-05-14,1056.31,Apple,Clothing,Jerusalem,Declined,532,5
426,2024-09-29,1370.26,H&M,transportation,Nahariya,Declined,904,3
427,2027-03-17,3714.08,Netflix,home,Ramla,Approved,213,5
428,2027-12-15,3304.7,Walmart,education,Kfar Saba,Approved,934,6
429,2028-04-26,4155.69,H&M,home,Ramla,Reversed,406,6
430,2028-08-24,1759.89,Apple,Streaming,Dimona,Approved,661,7
431,2029-04-28,889.95,Yochananoff,transportation,Rehovot,Approved,405,6
432,2028-09-12,2672.53,Half Free,Tech,Beer Sheva,Approved,499,5
433,2024-09-19,676.97,Half Free,Clothing,Rehovot,Pending,64,7
434,2027-07-22,3296.93,McDonald's,home,Migdal Ha'emek,Declined,120,5
435,2029-07-27,4703.67,Amazon,Clothing,Tel Aviv-Yafo,Declined,316,7
436,2029-04-18,2152.81,Shufersal,Tech,Ramat Gan,Pending,962,6
437,2028-01-22,2660.53,Carrefour,Tech,Netivot,Approved,768,5
438,2028-04-16,1257.95,Carrefour,home,Netanya,Declined,613,4
439,2025-05-20,4211.47,Netflix,Retail,Nahariya,Reversed,128,5
440,2027-08-12,2114.67,McDonald's,food,Ofakim,Declined,190,5
441,2028-10-19,1709.63,Yochananoff,education,Petah Tikva,Declined,608,7
442,2027-08-20,3590.99,Half Free,leisure,Kiryat Malachi,Pending,678,3
443,2029-09-13,1069.03,Carrefour,leisure,Nes Ziona,Approved,633,2
444,2028-05-12,3901.9,Rami Levy,Retail,Rehovot,Pending,217,6
445,2029-06-02,4505.33,Carrefour,home,Ashkelon,Declined,492,1
446,2028-08-22,2955.91,Rami Levy,Retail,Kiryat Bialik,Declined,997,6
447,2027-04-19,3522.19,Carrefour,transportation,Afula,Reversed,322,1
448,2027-11-16,1508.25,Yesh Chesed,Tech,Ashkelon,Declined,869,6
449,2026-03-12,4354.05,H&M,Retail,Kfar Yona,Declined,513,2
450,2026-02-28,2069.93,Netflix,Streaming,Beer Sheva,Reversed,870,2
451,2028-06-13,830.42,Carrefour,Clothing,Rosh Ha'ayin,Pending,851,5
452,2027-07-29,4587.59,Half Free,leisure,Beitar Illit,Pending,260,6
453,2029-12-21,3522.35,Osher Ad,food,Bat Yam,Reversed,432,4
454,2024-07-06,2227.96,Apple,leisure,Givatayim,Pending,678,3
455,2025-10-03,59.81,Walmart,education,Hadera,Reversed,143,2
456,2024-06-02,4561.42,Shufersal,transportation,Tiberias,Approved,26,5
457,2028-08-05,4232.14,McDonald's,leisure,Nesher,Reversed,544,3
458,2026-01-30,758.95,Apple,leisure,Jerusalem,Declined,964,3
459,2026-01-27,2535.85,Apple,Tech,Elad,Approved,189,4
460,2026-03-28,1580.54,Netflix,footwear,Rishon Lezion,Reversed,903,7
461,2027-02-16,3727.19,Netflix,Retail,Beer Sheva,Declined,509,2
462,2025-03-03,920.28,Walmart,education,Givatayim,Approved,568,5
463,2026-04-13,4774.69,Rami Levy,education,Kiryat Ono,Declined,520,3
464,2025-12-24,3745.45,McDonald's,footwear,Netivot,Approved,139,6
465,2028-08-25,1372.95,Walmart,Retail,Or Akiva,Approved,85,3
466,2026-05-06,690.84,Netflix,education,Modi'in-Maccabim-Re'ut,Pending,845,4
467,2029-02-02,1872.09,Apple,education,Kiryat Ata,Approved,741,5
468,2025-10-19,1510.52,Carrefour,leisure,Karmiel,Reversed,116,2
469,2027-10-31,4794.8,Yochananoff,Clothing,Ra'anana,Reversed,793,2
470,2024-10-23,321.56,McDonald's,transportation,Hod Hasharon,Reversed,462,3
471,2025-08-07,2508.18,Shufersal,food,Safed,Approved,489,5
472,2028-01-16,171.75,Walmart,education,Jerusalem,Reversed,711,6
473,2028-10-01,3794.06,Netflix,leisure,Yavne,Reversed,477,5
474,2028-11-26,2901.92,Carrefour,Retail,Migdal Ha'emek,Declined,214,5
475,2027-04-04,1369.1,Osher Ad,transportation,Modi'in-Maccabim-Re'ut,Declined,95,2
476,2029-07-25,4050.81,Half Free,footwear,Bat Yam,Approved,66,3
477,2027-09-05,1401.39,Shufersal,leisure,Holon,Pending,24,1
478,2026-09-03,2703.59,Yesh Chesed,education,Ashkelon,Approved,117,4
479,2025-08-25,4258.12,Amazon,home,Bnei Brak,Pending,769,1
480,2027-06-11,1410.82,Rami Levy,leisure,Yehud-Monosun,Approved,612,7
481,2025-05-27,4272.41,Osher Ad,Clothing,Rehovot,Approved,273,4
482,2025-07-09,573.6,Yesh Chesed,Streaming,Ashdod,Pending,28,7
483,2028-04-08,4194.39,Osher Ad,Retail,Ma'alot-Tarshiha,Pending,488,7
484,2024-06-18,146.98,McDonald's,Streaming,Be'er Ya'akov,Approved,759,6
485,2026-06-18,1987.65,Half Free,Clothing,Elad,Approved,817,5
486,2027-03-23,4711.7,Yesh Chesed,footwear,Rehovot,Pending,230,4
487,2027-09-03,3781.07,H&M,food,Tiberias,Approved,375,6
488,2026-06-30,1333.76,McDonald's,transportation,Yokneam Illit,Pending,535,1
489,2024-08-05,4785.37,Half Free,Clothing,Petah Tikva,Pending,999,6
490,2027-03-04,2900.37,Netflix,transportation,Modi'in-Maccabim-Re'ut,Declined,120,6
491,2027-02-10,1302.21,McDonald's,Tech,Eilat,Declined,14,3
492,2029-06-28,1024.73,McDonald's,leisure,Nes Ziona,Pending,344,5
493,2024-11-30,3771.38,Apple,education,Or Yehuda,Declined,42,4
494,2027-05-17,2966.5,McDonald's,Clothing,Haifa,Pending,805,6
495,2028-03-19,4248.3,Osher Ad,food,Herzliya,Declined,851,2
496,2028-10-24,613.7,H&M,leisure,Kiryat Motzkin,Reversed,971,5
497,2025-06-13,3107.48,McDonald's,leisure,Tel Aviv-Yafo,Reversed,685,4
498,2028-09-06,222.67,Shufersal,food,Rishon Lezion,Pending,257,2
499,2029-04-14,1975.54,Netflix,transportation,Petah Tikva,Declined,651,4
500,2026-05-14,1526.67,Carrefour,education,Modi'in Illit,Pending,777,4
501,2025-06-26,2734.03,Yochananoff,Retail,Beit She'an,Reversed,860,4
502,2028-11-28,3907.46,Yochananoff,Clothing,Dimona,Approved,256,2
503,2028-07-18,2927.18,McDonald's,Streaming,Netanya,Declined,825,7
504,2030-01-19,4472.65,Walmart,transportation,Elad,Approved,988,4
505,2028-11-11,3160.66,Yochananoff,Streaming,Tel Aviv-Yafo,Reversed,413,7
506,2029-06-17,4880.29,Amazon,transportation,Lod,Reversed,19,1
507,2030-05-02,4689.66,Walmart,Retail,Holon,Declined,440,2
508,2027-11-09,3942.38,Amazon,leisure,Modi'in Illit,Approved,297,5
509,2027-12-18,3472.12,Yochananoff,home,Netivot,Reversed,982,1
510,2028-02-22,3555.93,Netflix,education,Netivot,Declined,349,6
511,2028-12-31,481.13,Carrefour,Streaming,Ma'alot-Tarshiha,Declined,937,2
512,2028-06-18,983.21,Yochananoff,Clothing,Netivot,Declined,366,2
513,2027-09-25,761.17,H&M,Clothing,Kiryat Yam,Pending,563,6
514,2028-06-26,3630.46,Yesh Chesed,food,Sderot,Reversed,576,3
515,2030-05-18,3977.05,Half Free,education,Elad,Reversed,815,7
516,2025-12-21,1106.01,Yochananoff,home,Netanya,Pending,907,6
517,2025-01-18,1785.79,Yesh Chesed,transportation,Rehovot,Reversed,177,7
518,2028-06-02,4798.1,Yochananoff,food,Dimona,Approved,929,1
519,2028-10-02,1001.36,Shufersal,footwear,Kiryat Shmona,Pending,776,3
520,2025-12-26,2858.86,McDonald's,home,Holon,Declined,828,2
521,2025-10-02,2437.98,Yochananoff,food,Lod,Pending,220,2
522,2028-11-26,3114.14,Walmart,footwear,Beit She'an,Pending,611,5
523,2028-03-11,3270.24,Rami Levy,Clothing,Kiryat Gat,Approved,151,6
524,2025-10-01,1942.6,Amazon,transportation,Kiryat Malachi,Declined,82,5
525,2030-02-17,3862.42,Yochananoff,leisure,Kiryat Yam,Pending,132,1
526,2025-05-11,3444.09,Amazon,Retail,Kiryat Shmona,Declined,839,3
527,2026-04-25,3031.96,Walmart,Clothing,Kiryat Gat,Pending,997,4
528,2027-03-09,2183.8,H&M,Streaming,Kfar Saba,Declined,18,5
529,2026-05-18,4248.57,McDonald's,footwear,Bat Yam,Reversed,764,2
530,2025-07-02,4037.27,H&M,Clothing,Herzliya,Reversed,417,7
531,2027-04-09,499.19,H&M,Retail,Nes Ziona,Approved,215,5
532,2025-08-27,4868.74,Walmart,home,Nof HaGalil,Reversed,360,7
533,2027-01-02,978.22,Walmart,footwear,Ashkelon,Approved,643,3
534,2024-06-25,2056.17,McDonald's,home,Nes Ziona,Approved,338,5
535,2029-04-11,159.2,Netflix,food,Holon,Pending,25,5
536,2028-10-14,2753.48,Carrefour,Retail,Kiryat Gat,Reversed,469,2
537,2026-09-13,1577.63,Apple,footwear,Netanya,Approved,204,4
538,2029-04-01,3582.91,Rami Levy,Clothing,Kiryat Motzkin,Approved,457,6
539,2029-06-11,1960.48,Yesh Chesed,food,Ma'ale Adumim,Declined,68,5
540,2025-12-09,4143.48,Carrefour,transportation,Kiryat Ata,Reversed,511,5
541,2029-08-18,4024.76,H&M,footwear,Modi'in-Maccabim-Re'ut,Pending,665,3
542,2024-06-01,2643.22,Rami Levy,leisure,Rishon Lezion,Declined,366,6
543,2026-01-31,4439.9,Walmart,home,Safed,Approved,644,1
544,2024-11-10,1994.54,Amazon,Retail,Beit Shemesh,Approved,19,6
545,2025-07-18,2843.02,Yochananoff,footwear,Nof HaGalil,Pending,239,5
546,2026-09-22,656.76,Yochananoff,footwear,Ra'anana,Declined,225,2
547,2027-01-25,3278.88,Yochananoff,transportation,Nesher,Pending,928,6
548,2025-10-23,1646.97,Apple,home,Yehud-Monosun,Declined,689,7
549,2027-02-22,2986.64,Osher Ad,food,Kiryat Yam,Declined,424,2
550,2027-03-18,2383.29,Netflix,home,Rosh Ha'ayin,Approved,366,6
551,2025-04-24,4472.64,Osher Ad,education,Yavne,Declined,16,1
552,2027-01-18,737.68,McDonald's,footwear,Kiryat Malachi,Declined,377,6
553,2025-05-31,4247.33,Half Free,footwear,Petah Tikva,Approved,856,6
554,2029-09-19,1922.02,McDonald's,home,Elad,Declined,452,5
555,2026-04-14,971.86,Rami Levy,transportation,Nahariya,Approved,602,4
556,2025-06-25,566.59,Apple,food,Kiryat Bialik,Reversed,2,4
557,2028-10-13,3087.47,Apple,food,Herzliya,Declined,678,2
558,2025-05-03,2111.02,Netflix,education,Beit Shemesh,Declined,69,6
559,2026-10-24,2674.14,Yochananoff,Tech,Ramat Hasharon,Declined,301,5
560,2026-07-12,1379.99,Shufersal,food,Kfar Yona,Approved,8,3
561,2028-08-15,2079.0,Walmart,Retail,Or Yehuda,Declined,885,3
562,2025-01-09,1094.5,Amazon,food,Givatayim,Declined,29,1
563,2025-01-24,4762.52,H&M,food,Ramat Gan,Declined,211,1
564,2027-04-05,926.99,H&M,home,Yehud-Monosun,Declined,88,3
565,2027-08-19,2416.69,Yesh Chesed,Streaming,Kiryat Yam,Pending,929,7
566,2026-12-10,814.92,Netflix,footwear,Lod,Declined,167,7
567,2027-05-05,4197.73,Walmart,food,Rishon Lezion,Declined,405,7
568,2026-03-07,3491.67,Yochananoff,footwear,Ra'anana,Declined,775,4
569,2029-12-15,2016.09,Walmart,Streaming,Or Akiva,Declined,422,5
570,2026-09-16,1629.37,Yesh Chesed,leisure,Kiryat Gat,Approved,120,3
571,2027-04-24,3091.76,McDonald's,leisure,Modi'in Illit,Pending,169,2
572,2025-04-11,4123.48,Netflix,home,Yavne,Declined,560,7
573,2027-03-04,3947.82,Amazon,Retail,Modi'in-Maccabim-Re'ut,Approved,826,7
574,2024-11-05,4076.15,Netflix,footwear,Ramat Hasharon,Approved,31,2
575,2024-06-25,4757.75,Carrefour,Clothing,Or Yehuda,Pending,262,1
576,2030-02-08,4276.85,Half Free,leisure,Migdal Ha'emek,Approved,239,3
577,2029-09-26,4619.19,Rami Levy,Clothing,Ofakim,Declined,783,7
578,2026-09-03,632.97,Yesh Chesed,food,Holon,Declined,395,7
579,2024-08-18,4367.72,Rami Levy,home,Kiryat Yam,Declined,301,2
580,2028-11-19,1733.04,Amazon,education,Ma'ale Adumim,Reversed,239,3
581,2029-03-04,4458.14,Amazon,home,Kfar Saba,Reversed,385,1
582,2027-10-23,1912.75,McDonald's,Retail,Givat Shmuel,Reversed,943,2
583,2024-09-09,3490.33,Netflix,Retail,Migdal Ha'emek,Pending,412,4
584,2026-03-26,3297.43,Yesh Chesed,footwear,Bat Yam,Declined,306,3
585,2024-08-04,3165.47,Yesh Chesed,Streaming,Or Akiva,Reversed,781,6
586,2029-08-08,1137.08,Yochananoff,transportation,Kiryat Gat,Declined,414,7
587,2024-12-13,1321.38,McDonald's,transportation,Modi'in Illit,Declined,292,4
588,2030-02-18,2693.7,H&M,education,Be'er Ya'akov,Reversed,755,6
589,2030-04-05,537.4,Walmart,Retail,Ashkelon,Reversed,454,6
590,2027-03-02,4713.19,Netflix,Clothing,Kfar Yona,Approved,723,7
591,2025-04-02,4079.89,Yesh Chesed,transportation,Nof HaGalil,Approved,372,1
592,2026-10-01,3412.09,Shufersal,home,Netivot,Reversed,981,2
593,2027-03-16,410.69,Osher Ad,footwear,Be'er Ya'akov,Declined,983,1
594,2030-01-19,82.34,Apple,Tech,Hadera,Reversed,746,4
595,2030-04-26,1243.04,H&M,education,Kiryat Shmona,Reversed,121,7
596,2029-01-17,4979.44,McDonald's,Streaming,Migdal Ha'emek,Pending,111,4
597,2025-08-22,4453.34,Yesh Chesed,footwear,Elad,Reversed,890,7
598,2029-08-12,4224.1,H&M,transportation,Yavne,Declined,919,2
599,2026-11-21,3044.68,Osher Ad,education,Hadera,Approved,275,5
600,2028-08-17,917.5,Amazon,Retail,Holon,Declined,637,4
601,2029-03-16,995.36,Amazon,home,Nesher,Declined,216,4
602,2024-08-17,3529.9,Carrefour,education,Be'er Ya'akov,Reversed,651,7
603,2026-12-21,457.17,H&M,footwear,Kiryat Shmona,Pending,607,5
604,2028-01-18,853.59,Walmart,food,Ma'ale Adumim,Approved,308,3
605,2025-07-15,3160.78,McDonald's,home,Nahariya,Approved,643,2
606,2030-02-20,4336.76,Apple,Retail,Beit Shemesh,Reversed,931,1
607,2028-06-12,896.54,Osher Ad,Clothing,Yehud-Monosun,Declined,254,3
608,2030-02-15,736.2,Netflix,Clothing,Migdal Ha'emek,Reversed,471,5
609,2030-05-15,2852.32,Amazon,Tech,Bat Yam,Pending,896,2
610,2025-04-15,4095.25,Half Free,Tech,Rishon Lezion,Declined,569,7
611,2025-07-11,3770.35,Walmart,transportation,Givat Shmuel,Pending,43,2
612,2027-11-19,3576.28,Amazon,transportation,Eilat,Declined,893,3
613,2025-10-03,1668.96,Half Free,education,Ramat Hasharon,Declined,828,5
614,2028-07-14,3237.45,Amazon,footwear,Herzliya,Pending,603,3
615,2026-09-09,375.97,Apple,footwear,Modi'in Illit,Declined,273,5
616,2028-09-30,4690.5,H&M,food,Haifa,Approved,748,5
617,2029-07-06,4090.79,Yochananoff,transportation,Safed,Pending,77,4
618,2027-05-05,509.44,Walmart,home,Holon,Reversed,360,2
619,2029-01-22,4601.78,H&M,food,Lod,Pending,773,3
620,2028-05-15,2559.85,Apple,Clothing,Jerusalem,Pending,871,5
621,2030-05-18,2132.64,Amazon,Retail,Or Akiva,Declined,358,4
622,2030-05-15,4424.96,Amazon,education,Kiryat Bialik,Reversed,59,5
623,2029-07-11,998.21,Netflix,leisure,Afula,Pending,447,1
624,2028-12-24,3726.57,Walmart,Retail,Nahariya,Declined,540,4
625,2030-01-21,286.67,Rami Levy,leisure,Kiryat Ata,Approved,52,2
626,2028-05-26,1048.36,H&M,Tech,Petah Tikva,Reversed,795,6
627,2028-11-28,1729.34,Half Free,food,Ma'alot-Tarshiha,Reversed,281,7
628,2025-04-19,639.35,Amazon,leisure,Rehovot,Declined,790,6
629,2026-06-11,3836.58,Amazon,food,Rehovot,Declined,488,3
630,2028-09-14,704.93,Yesh Chesed,transportation,Beit She'an,Reversed,109,6
631,2024-12-13,992.7,Carrefour,food,Kfar Yona,Declined,826,2
632,2026-09-29,4856.4,Walmart,education,Hadera,Declined,623,6
633,2025-02-04,3379.97,Rami Levy,transportation,Kiryat Yam,Reversed,395,3
634,2027-05-30,3770.19,Netflix,Tech,Ramat Gan,Declined,354,6
635,2024-07-07,3406.7,Yesh Chesed,Tech,Acre,Reversed,277,5
636,2030-03-18,874.81,Apple,transportation,Rehovot,Declined,925,1
637,2025-03-16,3968.98,Yochananoff,education,Dimona,Pending,704,1
638,2024-11-30,2227.63,Walmart,food,Ramat Gan,Approved,47,5
639,2025-08-09,1424.77,Netflix,Streaming,Netivot,Declined,67,7
640,2024-09-21,30.15,Carrefour,leisure,Kiryat Malachi,Reversed,805,6
641,2030-01-04,2465.01,Yochananoff,leisure,Ashdod,Pending,431,2
642,2026-05-15,3492.91,Netflix,leisure,Kiryat Bialik,Declined,945,2
643,2026-07-09,3732.36,Apple,Clothing,Kiryat Shmona,Approved,118,7
644,2027-08-15,4348.31,Osher Ad,leisure,Holon,Pending,737,5
645,2026-02-23,3634.59,Apple,education,Safed,Declined,85,5
646,2027-09-22,941.37,Rami Levy,footwear,Elad,Declined,78,7
647,2028-08-07,3977.83,Apple,home,Hadera,Reversed,335,6
648,2027-04-24,3933.37,Osher Ad,home,Ra'anana,Pending,958,1
649,2026-06-20,3340.18,Walmart,Retail,Kiryat Gat,Declined,443,3
650,2025-03-13,1243.8,Osher Ad,Streaming,Eilat,Approved,49,4
651,2026-08-10,195.64,Yesh Chesed,leisure,Holon,Pending,277,6
652,2027-02-23,1115.53,Apple,Clothing,Kfar Saba,Reversed,462,7
653,2027-09-24,4885.1,Carrefour,transportation,Kiryat Gat,Reversed,54,4
654,2024-05-31,290.04,Rami Levy,Tech,Ramat Hasharon,Pending,705,2
655,2027-08-30,3028.87,Yochananoff,footwear,Givatayim,Pending,658,3
656,2029-01-27,501.89,Osher Ad,Retail,Ramat Gan,Approved,648,5
657,2026-06-18,3292.54,Amazon,education,Ashkelon,Approved,54,2
658,2028-10-16,663.56,Yesh Chesed,Streaming,Beer Sheva,Reversed,370,2
659,2028-06-12,3739.82,Yesh Chesed,Tech,Kiryat Motzkin,Declined,207,2
660,2024-10-09,4723.67,Rami Levy,footwear,Or Yehuda,Pending,498,6
661,2028-06-11,16.93,Rami Levy,leisure,Tel Aviv-Yafo,Reversed,750,3
662,2030-02-07,241.46,McDonald's,Clothing,Ramat Hasharon,Declined,255,1
663,2029-03-09,2707.93,Apple,transportation,Haifa,Pending,572,5
664,2026-06-16,3456.51,Amazon,Streaming,Ma'alot-Tarshiha,Declined,429,3
665,2027-12-15,846.51,Rami Levy,food,Tel Aviv-Yafo,Declined,875,1
666,2028-09-09,4900.88,Half Free,transportation,Rishon Lezion,Pending,71,3
667,2027-03-14,4655.4,Netflix,education,Yavne,Pending,169,1
668,2029-06-12,4897.88,Netflix,footwear,Ariel,Declined,785,7
669,2029-04-06,4517.13,Netflix,leisure,Modi'in Illit,Pending,151,2
670,2030-05-04,3347.76,Amazon,Streaming,Kiryat Bialik,Pending,87,1
671,2029-01-17,2356.61,Netflix,Tech,Lod,Declined,660,4
672,2028-11-03,1660.4,Amazon,Retail,Ariel,Declined,438,5
673,2025-09-19,354.09,Walmart,Streaming,Nahariya,Pending,616,7
674,2027-04-29,2973.56,Half Free,transportation,Netivot,Reversed,665,1
675,2030-03-17,1187.91,Half Free,home,Jerusalem,Reversed,274,3
676,2030-05-14,4474.19,Yesh Chesed,Streaming,Ma'ale Adumim,Pending,13,1
677,2025-05-05,527.36,McDonald's,Tech,Ashkelon,Approved,685,7
678,2028-12-31,3292.58,Walmart,Streaming,Be'er Ya'akov,Reversed,279,5
679,2029-08-17,2651.88,Osher Ad,Streaming,Tiberias,Pending,5,1
680,2028-02-18,2852.91,Apple,Retail,Kfar Saba,Declined,831,2
681,2030-02-18,348.24,McDonald's,Clothing,Yavne,Approved,46,1
682,2025-03-08,4496.29,Osher Ad,Clothing,Kiryat Motzkin,Declined,113,6
683,2030-05-03,1104.74,McDonald's,Streaming,Rishon Lezion,Approved,466,2
684,2028-04-18,4328.3,Apple,Retail,Rishon Lezion,Declined,54,5
685,2030-05-10,2432.19,McDonald's,Clothing,Ramat Gan,Declined,982,2
686,2025-06-03,1645.29,H&M,Retail,Yokneam Illit,Pending,424,1
687,2029-08-04,1872.55,Rami Levy,Retail,Lod,Declined,213,7
688,2028-02-12,1383.38,Amazon,Retail,Nahariya,Declined,810,2
689,2029-05-18,3894.76,Carrefour,home,Yehud-Monosun,Pending,360,1
690,2028-02-14,4321.26,Netflix,education,Bnei Brak,Approved,706,4
691,2029-07-27,1065.43,Osher Ad,transportation,Ramat Gan,Declined,803,7
692,2024-07-09,2419.0,Walmart,Tech,Hod Hasharon,Declined,373,6
693,2026-08-01,1953.24,Yesh Chesed,home,Ma'ale Adumim,Pending,493,3
694,2024-07-13,2126.35,Yesh Chesed,home,Kiryat Shmona,Reversed,372,5
695,2028-05-29,1608.55,Walmart,transportation,Ashkelon,Reversed,25,5
696,2027-10-16,593.06,Yochananoff,Tech,Rosh Ha'ayin,Approved,872,1
697,2026-07-23,1498.89,Yesh Chesed,leisure,Kfar Saba,Declined,480,1
698,2026-09-14,2426.7,H&M,footwear,Kiryat Malachi,Reversed,628,2
699,2028-05-13,2500.06,Walmart,food,Rehovot,Reversed,686,6
700,2025-08-17,4974.38,Yochananoff,food,Kfar Saba,Declined,305,7
701,2025-01-21,3713.3,Walmart,education,Tiberias,Declined,62,6
702,2025-12-10,1149.5,Yesh Chesed,leisure,Ma'alot-Tarshiha,Declined,867,7
703,2027-08-15,945.43,Apple,education,Bnei Brak,Approved,172,1
704,2028-10-27,873.04,Walmart,Retail,Ma'ale Adumim,Declined,551,3
705,2026-08-24,4962.9,Rami Levy,Streaming,Rosh Ha'ayin,Pending,944,7
706,2024-05-28,2890.13,Yochananoff,Tech,Sderot,Approved,686,4
707,2026-07-26,1077.05,Carrefour,transportation,Netanya,Declined,345,1
708,2027-04-18,1005.65,Shufersal,transportation,Sderot,Declined,471,1
709,2027-02-22,3043.94,Rami Levy,food,Lod,Pending,733,6
710,2025-03-31,2.35,Apple,food,Safed,Reversed,719,6
711,2025-09-20,2303.31,Osher Ad,Tech,Ramat Gan,Declined,765,1
712,2024-11-24,3781.64,H&M,leisure,Modi'in Illit,Approved,331,3
713,2028-03-13,1555.62,Osher Ad,food,Nesher,Reversed,933,4
714,2026-10-28,3868.64,Yesh Chesed,footwear,Or Akiva,Approved,357,6
715,2029-05-12,1658.48,Rami Levy,Retail,Beer Sheva,Declined,827,7
716,2028-01-11,3502.61,Yesh Chesed,food,Nes Ziona,Declined,600,4
717,2025-11-18,4054.9,Half Free,education,Kiryat Ata,Declined,960,7
718,2030-04-29,3652.4,Apple,leisure,Kfar Yona,Declined,296,7
719,2027-07-17,2442.18,Walmart,home,Kiryat Ono,Reversed,549,6
720,2028-07-31,2543.8,Carrefour,Streaming,Jerusalem,Declined,539,4
721,2028-05-27,351.27,Yochananoff,leisure,Holon,Pending,2,1
722,2025-07-09,3319.64,Walmart,Tech,Kiryat Gat,Declined,913,7
723,2028-12-13,2496.05,Yesh Chesed,education,Kiryat Ata,Declined,690,2
724,2028-05-15,619.85,Osher Ad,Clothing,Nahariya,Pending,90,3
725,2025-06-02,790.61,Netflix,footwear,Bnei Brak,Approved,649,2
726,2024-11-17,3447.04,Walmart,Retail,Rehovot,Pending,526,1
727,2025-05-31,2485.25,Netflix,food,Ramla,Declined,984,7
728,2030-03-03,2769.87,Half Free,Clothing,Kiryat Yam,Declined,796,5
729,2025-08-03,260.54,Amazon,education,Nesher,Declined,829,3
730,2028-04-09,3927.77,Carrefour,leisure,Petah Tikva,Declined,879,3
731,2026-09-30,339.08,Carrefour,leisure,Nahariya,Reversed,242,6
732,2028-09-25,2534.32,Carrefour,home,Givatayim,Approved,654,7
733,2025-04-08,4978.48,Yesh Chesed,home,Ashkelon,Declined,198,6
734,2027-08-19,1887.05,Apple,Tech,Beit Shemesh,Pending,78,3
735,2028-06-22,4486.47,McDonald's,education,Migdal Ha'emek,Approved,589,1
736,2027-06-02,654.62,Apple,Clothing,Acre,Declined,961,1
737,2025-08-09,2295.68,McDonald's,Streaming,Afula,Reversed,315,6
738,2027-02-19,1098.61,Rami Levy,education,Dimona,Approved,374,2
739,2025-04-21,2167.81,Netflix,home,Bnei Brak,Declined,989,2
740,2027-08-25,3249.51,Shufersal,Streaming,Eilat,Approved,131,1
741,2025-03-23,4738.95,McDonald's,leisure,Sderot,Declined,581,3
742,2025-09-21,25.87,Osher Ad,Retail,Ma'ale Adumim,Approved,715,3
743,2028-11-06,1466.22,Yesh Chesed,transportation,Or Akiva,Declined,488,6
744,2024-08-20,433.53,Netflix,food,Bnei Brak,Pending,32,5
745,2029-03-14,3865.52,Apple,food,Nahariya,Pending,15,2
746,2029-02-07,3770.32,Walmart,food,Be'er Ya'akov,Pending,37,5
747,2027-04-07,1325.02,Shufersal,leisure,Or Akiva,Declined,847,7
748,2026-01-02,3196.15,Carrefour,footwear,Karmiel,Declined,198,3
749,2029-02-21,4062.13,Apple,Streaming,Modi'in-Maccabim-Re'ut,Pending,456,5
750,2024-11-29,4831.97,Amazon,Streaming,Netanya,Declined,327,7
751,2026-08-28,3247.58,Osher Ad,footwear,Yavne,Approved,279,2
752,2028-02-13,905.22,Apple,Tech,Nahariya,Declined,46,1
753,2026-05-26,1596.11,Carrefour,education,Haifa,Reversed,590,5
754,2029-03-08,4357.86,Netflix,leisure,Kiryat Ata,Approved,185,7
755,2024-08-10,2281.5,Walmart,Tech,Yehud-Monosun,Pending,541,5
756,2024-12-10,3216.13,Netflix,footwear,Ofakim,Reversed,317,7
757,2024-06-24,3049.08,Walmart,education,Netivot,Pending,975,1
758,2026-04-22,2984.34,Shufersal,home,Lod,Pending,779,4
759,2025-10-05,2268.22,Amazon,Retail,Beit She'an,Declined,279,2
760,2025-01-21,4702.72,Shufersal,Retail,Migdal Ha'emek,Reversed,69,5
761,2026-08-04,3290.9,H&M,Streaming,Modi'in-Maccabim-Re'ut,Reversed,457,3
762,2028-06-22,1384.12,Shufersal,Tech,Ra'anana,Reversed,233,4
763,2028-10-20,3801.22,Yesh Chesed,Retail,Ma'alot-Tarshiha,Approved,356,7
764,2024-09-28,2174.46,Yesh Chesed,Clothing,Kiryat Malachi,Pending,852,3
765,2028-10-18,1553.06,Rami Levy,leisure,Yavne,Reversed,762,1
766,2028-09-23,4953.11,Carrefour,Clothing,Ashdod,Declined,83,1
767,2028-07-05,1763.32,Rami Levy,transportation,Holon,Declined,44,4
768,2028-11-09,4537.38,Shufersal,Clothing,Rehovot,Declined,887,4
769,2025-11-18,802.37,Yochananoff,Retail,Ramat Gan,Approved,773,7
770,2028-04-25,3534.19,Amazon,Clothing,Ashkelon,Approved,784,5
771,2028-08-16,1127.74,Carrefour,leisure,Lod,Declined,949,3
772,2029-04-20,1824.66,McDonald's,Streaming,Netivot,Approved,407,6
773,2030-03-11,2123.07,Shufersal,food,Haifa,Pending,668,5
774,2027-11-06,4856.26,Half Free,leisure,Safed,Reversed,53,4
775,2024-11-01,3146.26,Yochananoff,food,Hadera,Pending,182,2
776,2027-03-20,3464.24,Osher Ad,food,Yavne,Reversed,850,6
777,2027-12-13,2152.02,Amazon,Clothing,Kiryat Gat,Reversed,366,6
778,2028-11-30,220.86,Half Free,education,Hadera,Declined,355,2
779,2025-04-21,4777.09,Osher Ad,transportation,Kiryat Ono,Declined,145,6
780,2029-10-25,141.72,Osher Ad,home,Dimona,Approved,332,3
781,2028-12-10,3893.68,H&M,home,Beitar Illit,Declined,817,7
782,2030-03-21,3506.92,H&M,leisure,Eilat,Declined,676,4
783,2030-02-17,3733.75,Apple,Streaming,Jerusalem,Declined,266,6
784,2025-03-25,2181.77,Shufersal,home,Ashdod,Declined,758,3
785,2027-01-03,2627.01,Walmart,transportation,Tel Aviv-Yafo,Approved,590,2
786,2029-07-13,2496.6,Yesh Chesed,Clothing,Ramla,Approved,536,1
787,2025-07-30,1660.64,Yochananoff,leisure,Ra'anana,Declined,785,3
788,2029-01-08,1447.24,Rami Levy,Clothing,Givat Shmuel,Pending,525,1
789,2030-01-22,2774.27,Yesh Chesed,home,Tel Aviv-Yafo,Declined,960,3
790,2026-10-27,1113.75,Osher Ad,education,Beit Shemesh,Declined,51,4
791,2027-10-29,1127.47,H&M,Tech,Herzliya,Declined,715,4
792,2025-11-19,1565.67,H&M,home,Petah Tikva,Pending,228,6
793,2024-07-12,704.2,Walmart,education,Tiberias,Pending,652,7
794,2028-10-16,1755.42,McDonald's,Clothing,Jerusalem,Approved,290,4
795,2029-01-06,103.57,Amazon,Retail,Ramat Hasharon,Declined,857,1
796,2025-10-09,589.52,McDonald's,Clothing,Kiryat Malachi,Approved,329,6
797,2028-10-31,4154.33,Yochananoff,food,Kiryat Shmona,Approved,518,2
798,2026-10-07,2241.82,Rami Levy,Clothing,Safed,Pending,818,5
799,2029-08-19,2427.11,H&M,transportation,Kiryat Gat,Declined,445,7
800,2029-12-02,2894.21,H&M,home,Haifa,Approved,627,2
801,2025-12-30,3555.42,Osher Ad,Streaming,Nesher,Pending,103,6
802,2026-04-05,1522.07,Carrefour,Retail,Kfar Saba,Approved,326,6
803,2026-04-19,4087.38,Yochananoff,leisure,Kfar Yona,Approved,792,5
804,2027-07-08,1421.58,Half Free,leisure,Ramla,Pending,211,6
805,2029-12-11,3534.42,Rami Levy,Tech,Sderot,Reversed,895,1
806,2029-04-22,4727.47,Rami Levy,home,Kiryat Ono,Approved,11,5
807,2029-03-04,2378.79,McDonald's,leisure,Ashdod,Pending,703,6
808,2025-08-23,4079.49,Amazon,education,Safed,Approved,769,4
809,2024-12-12,1612.52,Yesh Chesed,home,Beit She'an,Pending,7,5
810,2029-07-26,4216.0,H&M,Clothing,Nesher,Declined,797,4
811,2026-08-12,661.73,Rami Levy,Tech,Netivot,Approved,455,5
812,2028-03-27,2312.25,Yesh Chesed,education,Eilat,Reversed,478,4
813,2026-01-23,2247.72,Osher Ad,Clothing,Beit She'an,Reversed,366,1
814,2025-08-29,3687.72,Shufersal,Tech,Afula,Declined,970,1
815,2027-10-17,3431.38,H&M,leisure,Bat Yam,Declined,503,3
816,2027-01-12,2065.09,Carrefour,home,Kiryat Shmona,Declined,806,2
817,2026-10-09,4429.29,Carrefour,Tech,Karmiel,Approved,967,6
818,2029-09-08,820.28,Apple,education,Eilat,Declined,941,4
819,2025-10-09,3293.16,Amazon,Retail,Ramat Gan,Declined,83,2
820,2027-08-11,2109.04,McDonald's,Retail,Acre,Declined,9,4
821,2026-10-02,4229.32,Carrefour,leisure,Kiryat Ata,Pending,236,4
822,2025-08-02,2356.47,McDonald's,food,Sderot,Pending,269,3
823,2029-10-25,1879.58,Osher Ad,education,Kiryat Gat,Declined,30,7
824,2025-01-01,1319.88,Walmart,footwear,Karmiel,Reversed,112,1
825,2029-06-16,4580.45,Yochananoff,food,Ra'anana,Pending,291,5
826,2028-12-17,2660.49,Rami Levy,food,Lod,Approved,657,7
827,2026-02-12,899.12,Osher Ad,Streaming,Kiryat Bialik,Approved,184,2
828,2024-11-27,3482.22,H&M,Retail,Ramat Hasharon,Reversed,388,5
829,2025-01-21,4090.38,Netflix,home,Beitar Illit,Reversed,838,5
830,2024-10-01,2995.22,Netflix,home,Ramat Hasharon,Approved,713,5
831,2025-12-13,3690.31,McDonald's,leisure,Be'er Ya'akov,Approved,686,7
832,2029-12-06,2433.13,Shufersal,Tech,Migdal Ha'emek,Reversed,762,2
833,2028-06-13,3617.77,Osher Ad,Retail,Karmiel,Approved,610,3
834,2026-01-11,4714.19,McDonald's,food,Modi'in Illit,Pending,525,5
835,2028-02-10,3197.31,Netflix,education,Kiryat Yam,Pending,253,2
836,2025-03-25,3425.96,Osher Ad,leisure,Or Yehuda,Reversed,284,5
837,2026-09-10,4791.58,McDonald's,leisure,Ramat Gan,Reversed,54,3
838,2026-08-22,4239.96,Apple,leisure,Kfar Yona,Reversed,713,4
839,2028-03-29,4188.27,H&M,Streaming,Bnei Brak,Declined,971,2
840,2028-08-26,2997.08,Carrefour,Streaming,Netivot,Pending,680,4
841,2025-11-18,1298.63,Half Free,education,Elad,Pending,700,6
842,2030-01-23,2624.67,Shufersal,food,Kfar Yona,Pending,781,4
843,2029-05-19,4832.9,Amazon,Clothing,Modi'in Illit,Approved,453,1
844,2029-07-21,4767.18,Netflix,food,Tel Aviv-Yafo,Approved,798,4
845,2027-07-21,2318.58,Shufersal,home,Eilat,Pending,16,3
846,2028-08-12,1879.13,Half Free,transportation,Or Yehuda,Pending,312,1
847,2027-01-06,4056.74,Shufersal,food,Be'er Ya'akov,Declined,399,7
848,2024-08-11,736.37,Half Free,Tech,Ashdod,Declined,924,5
849,2025-08-29,4253.51,H&M,Tech,Afula,Pending,858,7
850,2024-09-20,817.75,Carrefour,education,Sderot,Reversed,707,3
851,2029-09-16,3253.17,Yesh Chesed,Retail,Bat Yam,Approved,83,5
852,2025-04-05,4479.29,McDonald's,transportation,Modi'in-Maccabim-Re'ut,Approved,64,4
853,2029-03-03,3602.71,Amazon,footwear,Acre,Approved,387,7
854,2030-01-22,2358.15,Apple,transportation,Modi'in Illit,Approved,955,6
855,2026-03-22,4286.73,Yesh Chesed,footwear,Givatayim,Declined,290,3
856,2024-06-22,1423.27,Shufersal,Retail,Migdal Ha'emek,Reversed,653,3
857,2026-01-28,2993.01,Carrefour,transportation,Yavne,Reversed,129,7
858,2029-02-01,2435.38,Rami Levy,footwear,Ma'alot-Tarshiha,Pending,423,7
859,2025-03-09,2649.49,Apple,Streaming,Ofakim,Reversed,101,4
860,2026-08-10,84.8,Apple,footwear,Yokneam Illit,Pending,417,6
861,2028-05-30,2675.41,Rami Levy,leisure,Tiberias,Declined,124,1
862,2029-10-03,637.64,Netflix,Tech,Kiryat Bialik,Reversed,824,1
863,2026-07-16,1231.52,Shufersal,Streaming,Kiryat Motzkin,Declined,643,7
864,2027-09-20,4565.25,Osher Ad,education,Beer Sheva,Reversed,672,3
865,2025-07-10,1568.11,Netflix,Clothing,Ma'ale Adumim,Approved,613,5
866,2027-12-29,1784.21,Netflix,leisure,Be'er Ya'akov,Pending,623,3
867,2026-04-13,3431.51,Yochananoff,food,Ma'alot-Tarshiha,Declined,430,2
868,2024-09-29,3227.34,Rami Levy,food,Yokneam Illit,Declined,255,6
869,2024-11-17,2091.99,Osher Ad,food,Tiberias,Reversed,709,5
870,2025-04-24,3392.88,Rami Levy,Tech,Jerusalem,Declined,658,4
871,2024-05-28,4929.44,Amazon,footwear,Bnei Brak,Reversed,232,3
872,2026-05-15,852.42,McDonald's,footwear,Dimona,Approved,53,5
873,2027-04-30,1819.86,Walmart,food,Modi'in-Maccabim-Re'ut,Reversed,231,3
874,2029-02-07,306.54,Carrefour,education,Kiryat Bialik,Approved,471,5
875,2026-04-08,1417.33,Apple,food,Kiryat Ono,Reversed,334,1
876,2029-05-26,546.17,Rami Levy,footwear,Ma'alot-Tarshiha,Reversed,201,7
877,2029-11-17,820.04,Amazon,home,Modi'in Illit,Reversed,222,6
878,2027-10-12,2964.01,Osher Ad,home,Givatayim,Pending,41,2
879,2024-10-03,4465.07,Amazon,Streaming,Yehud-Monosun,Pending,550,4
880,2025-06-26,4767.52,Yochananoff,Clothing,Holon,Declined,604,1
881,2025-06-07,2450.36,McDonald's,food,Rishon Lezion,Reversed,281,5
882,2027-06-27,1120.25,Yochananoff,Tech,Yavne,Declined,730,7
883,2026-09-30,1255.6,H&M,home,Netivot,Approved,721,4
884,2027-05-26,3633.18,Osher Ad,education,Rehovot,Approved,295,7
885,2024-11-28,2699.22,Yochananoff,Streaming,Sderot,Approved,301,3
886,2029-02-05,536.37,Apple,transportation,Eilat,Reversed,595,3
887,2025-09-22,4111.19,Amazon,home,Kiryat Motzkin,Approved,642,6
888,2029-07-19,1936.38,Yochananoff,food,Kiryat Bialik,Reversed,873,4
889,2028-05-14,104.08,Walmart,leisure,Ashkelon,Reversed,359,7
890,2024-07-06,3599.86,Carrefour,food,Lod,Pending,548,2
891,2030-04-12,4774.56,Half Free,Clothing,Kiryat Ono,Reversed,397,6
892,2024-11-08,2038.02,McDonald's,Clothing,Safed,Declined,575,7
893,2030-04-16,3540.65,Half Free,Tech,Or Akiva,Approved,137,7
894,2028-01-13,75.81,Rami Levy,Streaming,Beit She'an,Pending,123,4
895,2025-05-22,3600.23,Carrefour,transportation,Kfar Saba,Pending,559,2
896,2029-04-05,1612.81,Carrefour,leisure,Ra'anana,Approved,104,2
897,2025-11-16,2399.04,Walmart,transportation,Yavne,Declined,129,2
898,2024-05-21,2661.31,Half Free,education,Bnei Brak,Pending,979,5
899,2029-01-31,3969.16,Yesh Chesed,education,Rehovot,Reversed,814,4
900,2025-06-29,3485.13,Yochananoff,footwear,Lod,Approved,554,3
901,2030-03-20,465.18,Yesh Chesed,Retail,Modi'in Illit,Declined,52,2
902,2024-11-06,3493.29,Carrefour,Tech,Ashkelon,Pending,178,4
903,2026-05-14,4434.59,Carrefour,Clothing,Yavne,Declined,736,7
904,2027-06-06,4623.38,McDonald's,footwear,Beitar Illit,Declined,737,6
905,2026-12-13,74.04,McDonald's,footwear,Lod,Reversed,691,4
906,2024-08-24,3237.03,Half Free,transportation,Kiryat Bialik,Reversed,393,6
907,2030-03-10,1427.1,Apple,transportation,Beit Shemesh,Reversed,314,3
908,2029-12-23,4586.17,H&M,Tech,Kiryat Gat,Pending,163,6
909,2026-03-26,373.87,Apple,education,Nes Ziona,Declined,853,5
910,2029-08-09,2467.54,Yesh Chesed,footwear,Ma'ale Adumim,Reversed,321,1
911,2025-05-14,4220.15,Yesh Chesed,footwear,Givat Shmuel,Declined,412,7
912,2029-03-26,4780.18,Shufersal,Streaming,Beitar Illit,Approved,484,1
913,2029-11-07,2612.48,Shufersal,Clothing,Nesher,Reversed,518,2
914,2029-09-05,2444.57,Walmart,Clothing,Ma'alot-Tarshiha,Approved,874,2
915,2028-07-05,3429.97,Yochananoff,home,Givatayim,Declined,837,7
916,2027-03-03,3667.64,McDonald's,leisure,Ramla,Pending,11,6
917,2027-10-15,4544.84,Rami Levy,footwear,Kiryat Shmona,Pending,202,6
918,2030-05-05,2992.32,Yochananoff,home,Ramat Hasharon,Declined,2,4
919,2027-07-06,4830.32,McDonald's,leisure,Ramat Hasharon,Pending,856,5
920,2024-10-18,2161.95,Apple,home,Yavne,Declined,228,6
921,2024-06-05,4821.18,Yesh Chesed,leisure,Ramla,Pending,834,3
922,2024-06-30,3005.08,Yochananoff,food,Holon,Approved,442,6
923,2025-07-09,958.42,Carrefour,education,Ashkelon,Reversed,705,2
924,2030-03-23,3835.93,Yesh Chesed,Tech,Eilat,Pending,145,7
925,2025-02-19,875.87,Rami Levy,Clothing,Be'er Ya'akov,Declined,309,4
926,2024-10-10,4967.54,Amazon,Retail,Safed,Pending,113,2
927,2027-07-13,3449.71,Walmart,Streaming,Eilat,Pending,7,1
928,2028-10-03,4366.45,Walmart,Tech,Or Yehuda,Reversed,277,6
929,2029-06-22,1106.72,Netflix,home,Ramat Hasharon,Reversed,271,7
930,2024-06-18,4925.61,Rami Levy,Tech,Kiryat Motzkin,Pending,75,5
931,2026-09-22,3783.0,Walmart,footwear,Rehovot,Approved,785,5
932,2026-07-30,4945.12,Apple,Retail,Beit Shemesh,Reversed,703,6
933,2027-06-12,3946.75,Half Free,Clothing,Eilat,Approved,613,3
934,2024-12-01,2407.07,Shufersal,Tech,Givatayim,Pending,124,5
935,2028-04-05,1953.52,H&M,leisure,Petah Tikva,Reversed,96,4
936,2028-02-17,405.92,Osher Ad,transportation,Tel Aviv-Yafo,Approved,231,4
937,2028-09-20,4686.65,Yochananoff,Tech,Rehovot,Pending,763,3
938,2026-05-02,4491.57,Yochananoff,home,Yavne,Approved,707,5
939,2027-01-18,2805.9,Yochananoff,footwear,Beit Shemesh,Reversed,401,7
940,2030-01-22,83.73,Rami Levy,footwear,Givat Shmuel,Declined,689,3
941,2029-11-06,1256.69,McDonald's,Clothing,Elad,Approved,862,1
942,2026-09-19,3236.54,Shufersal,Clothing,Kiryat Gat,Reversed,59,3
943,2030-04-27,3796.87,Yochananoff,food,Nes Ziona,Pending,370,7
944,2027-05-03,4724.11,Netflix,Tech,Ofakim,Declined,683,4
945,2027-10-28,3236.95,Yesh Chesed,Tech,Hadera,Reversed,642,4
946,2027-07-23,2116.23,Carrefour,Tech,Nes Ziona,Declined,120,4
947,2026-05-15,4316.11,Yesh Chesed,Tech,Petah Tikva,Approved,780,3
948,2028-03-10,4009.81,Yesh Chesed,Clothing,Nof HaGalil,Declined,991,5
949,2026-11-26,384.31,Yesh Chesed,Retail,Nes Ziona,Pending,600,4
950,2029-11-21,4774.93,Amazon,footwear,Nes Ziona,Reversed,281,2
951,2028-11-23,1287.69,Shufersal,leisure,Petah Tikva,Approved,886,6
952,2027-04-26,87.71,Shufersal,leisure,Ofakim,Pending,175,4
953,2024-09-25,4406.5,Rami Levy,transportation,Afula,Declined,270,4
954,2029-01-07,2412.98,Half Free,food,Ma'ale Adumim,Approved,139,4
955,2029-11-10,197.82,Walmart,footwear,Netivot,Reversed,467,1
956,2024-12-28,1045.62,Walmart,food,Beit She'an,Reversed,519,6
957,2029-01-19,3853.96,Yesh Chesed,Streaming,Kiryat Shmona,Approved,590,6
958,2026-05-09,4194.99,Osher Ad,footwear,Nahariya,Reversed,990,5
959,2030-05-14,3091.18,McDonald's,home,Modi'in-Maccabim-Re'ut,Reversed,202,5
960,2027-06-01,2070.73,Shufersal,Streaming,Ashdod,Approved,376,6
961,2029-07-22,2188.68,Half Free,Clothing,Kiryat Shmona,Reversed,795,3
962,2028-05-10,876.57,McDonald's,Retail,Givat Shmuel,Reversed,979,5
963,2025-10-02,3208.97,Yochananoff,home,Ashdod,Approved,147,7
964,2029-12-16,2391.66,Osher Ad,Clothing,Be'er Ya'akov,Reversed,945,1
965,2029-07-09,345.06,Amazon,Retail,Modi'in-Maccabim-Re'ut,Declined,361,6
966,2026-05-23,2867.57,Netflix,transportation,Yavne,Approved,156,1
967,2028-01-31,4851.03,McDonald's,home,Kiryat Motzkin,Declined,858,7
968,2028-07-20,200.91,Rami Levy,Tech,Modi'in Illit,Pending,838,7
969,2027-03-13,2917.87,McDonald's,Tech,Dimona,Pending,568,4
970,2028-04-07,3025.92,Walmart,education,Sderot,Approved,515,5
971,2024-10-17,1681.39,Shufersal,education,Kiryat Ata,Pending,437,4
972,2028-12-29,3768.28,Half Free,Streaming,Ofakim,Reversed,833,1
973,2026-12-04,2784.45,Shufersal,footwear,Ramat Hasharon,Declined,293,2
974,2026-06-08,3071.97,Carrefour,food,Rosh Ha'ayin,Approved,42,2
975,2025-05-28,473.44,McDonald's,footwear,Be'er Ya'akov,Reversed,102,4
976,2028-03-24,99.0,Half Free,Retail,Givatayim,Declined,21,1
977,2025-03-06,310.55,McDonald's,Streaming,Netivot,Pending,570,2
978,2026-03-20,288.0,Apple,Retail,Rosh Ha'ayin,Pending,232,7
979,2025-12-07,4851.02,H&M,Retail,Netanya,Approved,478,1
980,2025-08-29,3316.71,Osher Ad,Tech,Petah Tikva,Reversed,615,7
981,2024-06-07,835.2,Amazon,Streaming,Dimona,Reversed,862,1
982,2028-11-22,3101.79,Rami Levy,food,Eilat,Approved,71,4
983,2027-08-25,1721.38,Yochananoff,education,Elad,Approved,872,4
984,2029-01-31,1439.54,Rami Levy,footwear,Netanya,Reversed,685,2
985,2026-09-21,873.82,Rami Levy,Streaming,Kiryat Motzkin,Pending,592,6
986,2029-10-14,2916.54,Half Free,food,Yavne,Pending,574,7
987,2028-02-16,3759.09,Carrefour,footwear,Nof HaGalil,Pending,875,5
988,2027-04-09,2195.05,Half Free,Streaming,Hadera,Pending,231,1
989,2025-03-15,4176.15,Amazon,Retail,Kiryat Ono,Declined,638,2
990,2027-04-06,570.98,H&M,Retail,Ma'alot-Tarshiha,Approved,691,2
991,2029-03-13,3991.28,Walmart,Clothing,Netanya,Reversed,163,7
992,2024-12-12,1210.28,H&M,food,Rishon Lezion,Declined,778,7
993,2029-11-29,3423.59,Osher Ad,Tech,Netanya,Declined,695,1
994,2027-05-04,1247.87,Shufersal,Streaming,Ma'ale Adumim,Reversed,624,4
995,2029-07-18,4296.11,Rami Levy,food,Hadera,Approved,491,7
996,2029-09-05,564.88,Yesh Chesed,Retail,Givatayim,Reversed,998,2
997,2028-08-10,2511.16,Yesh Chesed,Retail,Modi'in-Maccabim-Re'ut,Reversed,766,6
998,2027-08-20,1814.03,Rami Levy,education,Kiryat Ono,Declined,703,4
999,2025-05-28,3197.46,H&M,education,Ra'anana,Declined,68,2
1000,2024-11-21,2897.39,Carrefour,transportation,Netanya,Approved,173,5
