replacement_id,reason,request_date,new_card_id,status,card_id
1,Lost card,2028-02-22,1520,Cancelled,875
2,User request,2028-10-03,1438,Processed,623
3,Expired card,2025-07-30,1605,Cancelled,775
4,Fraudulent activity,2027-10-11,1191,Pending,636
5,Fraudulent activity,2029-07-12,1790,Cancelled,118
6,Fraudulent activity,2026-06-12,1471,Pending,141
7,User request,2025-11-23,1467,Pending,787
8,Damaged card,2029-05-17,1309,Cancelled,625
9,Fraudulent activity,2026-03-20,1975,Cancelled,78
10,Lost card,2027-06-10,1280,Pending,659
11,Lost card,2028-10-15,1117,Processed,978
12,Damaged card,2026-05-09,1276,Cancelled,645
13,User request,2025-01-19,1518,Processed,777
14,Lost card,2028-09-28,1579,Pending,617
15,Damaged card,2025-01-24,1211,Processed,58
16,User request,2026-04-27,1950,Completed,845
17,Fraudulent activity,2024-10-17,1111,Pending,173
18,Expired card,2028-01-19,1351,Processed,878
19,Lost card,2024-12-30,1795,Pending,213
20,User request,2026-04-21,1251,Completed,847
21,Expired card,2029-12-22,1334,Cancelled,921
22,Expired card,2029-04-14,1499,Completed,426
23,Damaged card,2025-01-08,1706,Cancelled,672
24,Expired card,2025-04-02,1708,Cancelled,957
25,Lost card,2026-11-09,1678,Completed,553
26,Damaged card,2025-09-07,1476,Completed,793
27,Lost card,2026-12-26,1552,Processed,632
28,Fraudulent activity,2024-08-23,1436,Cancelled,972
29,Fraudulent activity,2025-07-23,1882,Cancelled,637
30,User request,2025-02-22,1377,Cancelled,706
31,Expired card,2025-04-24,1985,Cancelled,807
32,Damaged card,2029-04-14,1054,Pending,709
33,Damaged card,2026-05-22,1224,Completed,70
34,User request,2026-11-27,1476,Completed,565
35,Expired card,2029-03-27,1861,Processed,816
36,User request,2028-07-13,1634,Cancelled,505
37,Expired card,2025-01-05,1314,Cancelled,652
38,Expired card,2027-01-27,1949,Processed,51
39,User request,2025-06-01,1741,Pending,939
40,User request,2029-04-17,1695,Pending,653
41,Lost card,2025-11-15,1674,Completed,612
42,Damaged card,2025-10-28,1322,Cancelled,980
43,Damaged card,2024-06-18,1698,Processed,186
44,User request,2026-08-02,1546,Pending,775
45,Damaged card,2026-03-23,1753,Completed,945
46,Expired card,2024-10-16,1344,Cancelled,585
47,Damaged card,2025-02-09,1184,Processed,909
48,Lost card,2026-09-24,1304,Pending,628
49,Damaged card,2028-03-20,1099,Completed,405
50,Damaged card,2029-03-05,1426,Processed,835
51,Damaged card,2025-05-22,1016,Pending,218
52,Lost card,2027-11-23,1653,Processed,437
53,Fraudulent activity,2026-03-03,1913,Completed,662
54,Damaged card,2028-09-27,1402,Processed,413
55,Expired card,2024-09-28,1224,Pending,715
56,Damaged card,2029-07-05,1881,Cancelled,749
57,Damaged card,2030-04-12,1914,Processed,959
58,Damaged card,2030-02-27,1384,Completed,818
59,Expired card,2025-03-06,1187,Cancelled,25
60,Fraudulent activity,2025-11-09,1009,Cancelled,423
61,Damaged card,2026-08-25,1917,Cancelled,802
62,Expired card,2026-07-21,1666,Cancelled,787
63,Lost card,2026-07-04,1480,Processed,122
64,Lost card,2024-09-27,1776,Cancelled,178
65,User request,2028-02-09,1303,Completed,558
66,Fraudulent activity,2028-02-02,1012,Processed,761
67,Fraudulent activity,2026-07-14,1013,Cancelled,10
68,Damaged card,2025-08-13,1689,Cancelled,397
69,User request,2026-11-03,1890,Processed,118
70,Fraudulent activity,2026-03-25,1512,Pending,754
71,Lost card,2024-09-10,1425,Completed,180
72,Lost card,2030-04-20,1384,Cancelled,753
73,Expired card,2027-09-11,1655,Processed,165
74,Lost card,2024-11-28,1741,Processed,401
75,Expired card,2024-09-02,1559,Pending,59
76,Damaged card,2030-01-29,1417,Completed,682
77,Lost card,2025-03-03,1719,Processed,519
78,Damaged card,2028-07-11,1470,Cancelled,541
79,Lost card,2028-10-08,1426,Processed,539
80,Damaged card,2029-10-02,1921,Pending,747
81,Expired card,2026-07-18,1850,Processed,418
82,Lost card,2025-01-29,1483,Processed,64
83,User request,2028-03-26,1082,Cancelled,219
84,User request,2024-08-06,1988,Processed,606
85,Lost card,2029-03-09,1534,Cancelled,553
86,User request,2025-12-14,1254,Completed,700
87,Fraudulent activity,2027-04-25,1879,Completed,271
88,Lost card,2027-06-23,1314,Pending,880
89,Damaged card,2027-02-11,1675,Processed,502
90,Expired card,2026-10-07,1244,Processed,312
91,Lost card,2024-10-31,1540,Completed,313
92,Expired card,2027-05-27,1075,Cancelled,919
93,User request,2028-02-21,1581,Completed,253
94,Damaged card,2026-08-10,1537,Pending,519
95,User request,2028-08-26,1436,Cancelled,675
96,Fraudulent activity,2025-11-30,1434,Cancelled,530
97,Lost card,2029-01-25,1042,Cancelled,804
98,User request,2027-02-14,1005,Cancelled,50
99,Damaged card,2028-06-16,1453,Completed,391
100,Lost card,2029-04-25,1568,Processed,260
101,Damaged card,2025-10-19,1723,Processed,124
102,Fraudulent activity,2025-07-18,1081,Completed,467
103,Fraudulent activity,2028-11-26,1517,Cancelled,905
104,Lost card,2029-03-03,1866,Cancelled,942
105,Expired card,2027-05-07,1144,Cancelled,710
106,Damaged card,2026-08-29,1670,Pending,46
107,Expired card,2028-02-29,1852,Cancelled,385
108,Fraudulent activity,2028-10-09,1404,Cancelled,209
109,Fraudulent activity,2027-12-09,1294,Pending,663
110,Lost card,2029-08-15,1345,Completed,770
111,Lost card,2026-05-16,1891,Pending,279
112,Expired card,2029-02-10,1701,Pending,144
113,Expired card,2025-08-30,1516,Processed,451
114,Expired card,2025-04-10,1909,Pending,754
115,Fraudulent activity,2027-01-07,1138,Completed,316
116,Damaged card,2026-10-15,1884,Pending,512
117,Damaged card,2025-12-09,1472,Pending,917
118,Lost card,2028-04-23,1190,Processed,594
119,Lost card,2026-08-13,1558,Processed,240
120,Expired card,2028-08-07,1448,Completed,647
121,Damaged card,2029-06-21,1961,Processed,86
122,Expired card,2028-08-31,1882,Processed,603
123,Damaged card,2028-02-10,1807,Pending,466
124,Lost card,2027-06-03,1583,Completed,902
125,Lost card,2027-01-16,1658,Pending,720
126,Fraudulent activity,2028-07-09,1652,Pending,878
127,Expired card,2025-05-04,1183,Completed,273
128,Lost card,2029-03-29,1323,Pending,399
129,Damaged card,2026-01-27,1482,Cancelled,566
130,Damaged card,2026-12-04,1849,Processed,163
131,Lost card,2029-09-11,1136,Completed,810
132,Damaged card,2025-09-02,1515,Cancelled,603
133,Lost card,2026-10-23,1308,Processed,667
134,Fraudulent activity,2027-08-28,1495,Pending,765
135,Lost card,2026-12-05,1900,Pending,334
136,Damaged card,2029-03-19,1879,Completed,714
137,Damaged card,2028-05-19,1551,Completed,451
138,Expired card,2029-10-26,1521,Pending,75
139,Fraudulent activity,2028-05-20,1845,Processed,806
140,Lost card,2027-07-19,1837,Pending,791
141,Expired card,2024-08-28,1500,Cancelled,608
142,User request,2027-04-02,1540,Processed,349
143,User request,2026-09-01,1209,Completed,948
144,User request,2028-08-24,1849,Completed,138
145,Damaged card,2028-06-17,1379,Cancelled,470
146,Lost card,2029-10-09,1813,Pending,533
147,User request,2026-01-21,1020,Cancelled,617
148,User request,2028-01-25,1989,Processed,343
149,User request,2026-03-27,1481,Completed,415
150,User request,2026-12-17,1093,Cancelled,453
151,Fraudulent activity,2027-05-03,1506,Completed,213
152,Expired card,2028-11-07,1215,Completed,157
153,Expired card,2028-06-12,1831,Pending,868
154,Damaged card,2026-08-16,1704,Completed,853
155,Lost card,2027-09-11,1575,Completed,430
156,Expired card,2027-05-28,1668,Processed,957
157,Fraudulent activity,2028-09-08,1353,Pending,820
158,User request,2029-10-07,1664,Completed,739
159,Lost card,2025-06-21,1470,Processed,429
160,Fraudulent activity,2028-03-03,1581,Processed,107
161,Damaged card,2029-12-19,1403,Pending,445
162,Fraudulent activity,2026-05-29,1658,Completed,577
163,Fraudulent activity,2030-02-18,1165,Pending,364
164,Damaged card,2027-04-12,1595,Processed,228
165,Damaged card,2029-11-29,1013,Cancelled,537
166,Lost card,2028-10-08,1631,Pending,408
167,Fraudulent activity,2028-12-28,1354,Pending,776
168,Expired card,2026-04-12,1078,Processed,620
169,Lost card,2024-10-08,1675,Cancelled,860
170,Damaged card,2027-04-26,1774,Pending,484
171,Expired card,2026-04-11,1072,Processed,31
172,Fraudulent activity,2030-03-14,1057,Processed,816
173,User request,2027-02-04,1799,Processed,24
174,Expired card,2030-04-20,1824,Completed,712
175,User request,2027-09-02,1428,Cancelled,394
176,Expired card,2027-10-15,1662,Processed,523
177,Fraudulent activity,2027-08-26,1935,Completed,559
178,Expired card,2029-08-02,1588,Pending,923
179,Fraudulent activity,2028-06-05,1514,Processed,117
180,Lost card,2025-03-23,1329,Pending,582
181,Fraudulent activity,2027-01-12,1762,Completed,551
182,Lost card,2028-10-23,1815,Cancelled,522
183,Fraudulent activity,2029-08-28,1855,Cancelled,908
184,Fraudulent activity,2028-12-09,1801,Processed,504
185,Fraudulent activity,2025-10-21,1626,Cancelled,183
186,Damaged card,2024-08-27,1701,Completed,712
187,Expired card,2026-08-26,1965,Cancelled,567
188,Damaged card,2026-12-20,1737,Processed,959
189,Damaged card,2027-06-30,1917,Cancelled,59
190,Damaged card,2024-06-15,1180,Cancelled,866
191,Damaged card,2026-08-26,1720,Completed,570
192,Lost card,2025-10-11,1012,Processed,195
193,Lost card,2029-04-08,1815,Cancelled,173
194,User request,2026-09-30,1220,Processed,570
195,Expired card,2024-10-11,1898,Cancelled,775
196,Damaged card,2025-09-18,1653,Processed,499
197,Damaged card,2027-03-27,1998,Completed,249
198,Expired card,2026-04-18,1639,Cancelled,559
199,User request,2029-04-10,1485,Pending,14
200,User request,2029-10-14,1649,Completed,191
201,Damaged card,2026-10-26,1846,Completed,783
202,Expired card,2028-02-22,1408,Processed,323
203,Expired card,2026-01-12,1042,Processed,4
204,Lost card,2025-03-05,1906,Cancelled,651
205,Expired card,2028-05-19,1136,Completed,397
206,User request,2028-07-31,1105,Completed,326
207,User request,2027-06-27,1180,Completed,955
208,Lost card,2029-06-08,1874,Cancelled,296
209,Lost card,2027-08-07,1236,Cancelled,29
210,Lost card,2027-10-01,1418,Pending,480
211,Fraudulent activity,2026-09-13,1016,Completed,430
212,Fraudulent activity,2029-05-23,1915,Pending,377
213,Fraudulent activity,2026-12-09,1184,Completed,753
214,User request,2026-08-14,1715,Completed,347
215,User request,2030-05-08,1806,Processed,901
216,Lost card,2026-10-24,1976,Cancelled,664
217,Expired card,2026-04-04,1607,Processed,360
218,Damaged card,2026-03-06,1771,Completed,617
219,Lost card,2027-10-29,1719,Processed,724
220,Damaged card,2025-03-08,1917,Completed,633
221,Fraudulent activity,2028-10-22,1532,Pending,29
222,Lost card,2025-05-25,1364,Cancelled,672
223,Damaged card,2029-08-13,1400,Completed,433
224,Damaged card,2026-10-09,1932,Cancelled,57
225,User request,2028-12-08,1273,Cancelled,603
226,Fraudulent activity,2025-12-30,1108,Completed,918
227,User request,2028-08-18,1484,Pending,629
228,Expired card,2028-06-02,1080,Cancelled,400
229,Damaged card,2028-11-20,1551,Pending,122
230,Lost card,2025-11-18,1285,Processed,636
231,Fraudulent activity,2026-06-02,1541,Processed,416
232,Expired card,2029-09-08,1497,Completed,154
233,User request,2027-07-24,1881,Pending,682
234,Damaged card,2024-12-31,1892,Completed,624
235,Damaged card,2024-11-14,1180,Pending,556
236,Expired card,2024-12-11,1704,Completed,648
237,User request,2028-01-25,1124,Cancelled,465
238,Fraudulent activity,2030-03-07,1407,Processed,640
239,Damaged card,2026-10-15,1715,Processed,493
240,Fraudulent activity,2028-11-17,1860,Cancelled,122
241,Fraudulent activity,2026-08-16,1389,Cancelled,38
242,User request,2027-05-09,1892,Pending,576
243,Expired card,2024-06-23,1548,Completed,334
244,Expired card,2025-02-03,1543,Completed,224
245,User request,2030-04-12,1230,Cancelled,20
246,Damaged card,2024-11-02,1089,Cancelled,799
247,Lost card,2027-06-14,1735,Completed,700
248,Lost card,2026-05-13,1542,Pending,7
249,User request,2027-02-08,1104,Cancelled,153
250,Fraudulent activity,2030-03-02,1261,Cancelled,14
251,Fraudulent activity,2024-08-27,1784,Processed,96
252,Lost card,2028-08-29,1074,Pending,198
253,Expired card,2026-04-06,1192,Processed,28
254,User request,2028-03-28,1145,Processed,692
255,Fraudulent activity,2025-01-19,1781,Cancelled,802
256,Lost card,2024-09-16,1711,Cancelled,209
257,Lost card,2030-03-20,1447,Processed,755
258,Lost card,2026-10-16,1517,Completed,653
259,Expired card,2027-09-27,1553,Pending,965
260,Lost card,2025-09-02,1335,Pending,305
261,Damaged card,2024-06-22,1382,Cancelled,782
262,Fraudulent activity,2024-12-20,1039,Cancelled,267
263,Damaged card,2026-01-01,1196,Pending,807
264,Expired card,2027-09-21,1922,Pending,926
265,Expired card,2029-01-21,1921,Cancelled,462
266,User request,2024-11-14,1505,Processed,747
267,Expired card,2027-08-24,1655,Completed,590
268,Fraudulent activity,2030-01-23,1119,Completed,823
269,Fraudulent activity,2024-07-23,1242,Cancelled,786
270,Damaged card,2026-01-29,1635,Processed,507
271,Damaged card,2028-04-22,1665,Processed,756
272,Lost card,2029-06-18,1378,Pending,452
273,Lost card,2025-09-04,1535,Completed,421
274,Lost card,2027-09-16,1417,Processed,617
275,Lost card,2029-07-02,1526,Completed,497
276,Lost card,2028-04-16,1585,Cancelled,277
277,Fraudulent activity,2029-08-20,1475,Pending,884
278,Damaged card,2029-09-02,1835,Pending,757
279,Fraudulent activity,2024-11-04,1935,Processed,800
280,User request,2029-01-19,1144,Completed,994
281,Fraudulent activity,2026-07-17,1574,Pending,131
282,Expired card,2027-02-07,1369,Completed,371
283,Fraudulent activity,2030-04-21,1700,Completed,948
284,User request,2030-04-17,1135,Completed,678
285,Fraudulent activity,2026-10-02,1296,Cancelled,384
286,Fraudulent activity,2024-07-23,1161,Cancelled,211
287,Damaged card,2025-06-07,1063,Processed,841
288,Damaged card,2027-07-13,1718,Processed,879
289,Lost card,2030-05-18,1274,Cancelled,518
290,Expired card,2027-06-02,1436,Cancelled,306
291,User request,2027-01-12,1246,Processed,306
292,User request,2025-09-11,1007,Pending,90
293,Damaged card,2025-10-29,1818,Cancelled,416
294,Fraudulent activity,2029-02-03,1944,Pending,255
295,Expired card,2027-07-15,1456,Cancelled,973
296,User request,2029-02-11,1769,Completed,196
297,Damaged card,2026-10-19,1737,Processed,454
298,Fraudulent activity,2028-07-13,1958,Completed,494
299,Fraudulent activity,2028-01-06,1472,Cancelled,335
300,User request,2026-10-25,1896,Processed,862
301,User request,2029-10-31,1803,Pending,346
302,Fraudulent activity,2024-10-09,1124,Processed,389
303,Fraudulent activity,2025-01-20,1665,Completed,378
304,User request,2025-05-21,1720,Completed,900
305,User request,2030-02-06,1829,Processed,574
306,Lost card,2026-04-28,1354,Processed,222
307,Expired card,2027-06-07,1608,Cancelled,472
308,Damaged card,2027-04-01,1377,Cancelled,955
309,Fraudulent activity,2025-07-08,1959,Completed,426
310,Expired card,2029-06-14,1067,Completed,286
311,User request,2028-08-11,1313,Completed,314
312,Lost card,2029-02-22,1534,Processed,322
313,Fraudulent activity,2025-03-29,1029,Pending,253
314,Fraudulent activity,2026-12-12,1428,Pending,331
315,User request,2029-08-09,1777,Completed,485
316,Lost card,2027-09-30,1718,Completed,144
317,Lost card,2026-03-09,1688,Completed,414
318,User request,2029-06-05,1287,Pending,751
319,Lost card,2029-03-31,1426,Pending,146
320,User request,2027-08-12,1522,Cancelled,657
321,User request,2028-05-05,1450,Pending,295
322,Fraudulent activity,2029-12-16,1402,Cancelled,880
323,Lost card,2027-11-13,1997,Processed,256
324,Fraudulent activity,2029-03-13,1268,Processed,537
325,Fraudulent activity,2024-08-19,1126,Completed,326
326,User request,2028-03-22,1946,Cancelled,898
327,Fraudulent activity,2024-12-13,1504,Pending,839
328,User request,2029-03-31,1590,Pending,766
329,User request,2027-07-02,1605,Cancelled,517
330,Lost card,2030-01-01,1677,Processed,38
331,Fraudulent activity,2030-03-21,1153,Processed,908
332,Damaged card,2026-03-23,1270,Processed,840
333,Expired card,2024-11-22,1978,Completed,558
334,Expired card,2029-12-31,1368,Completed,651
335,Lost card,2030-04-17,1507,Pending,250
336,Expired card,2025-07-15,1286,Cancelled,511
337,Lost card,2030-04-30,1582,Processed,493
338,Lost card,2027-07-29,1547,Processed,298
339,Fraudulent activity,2024-06-13,1782,Cancelled,806
340,User request,2028-10-26,1049,Cancelled,482
341,Fraudulent activity,2024-05-20,1021,Processed,856
342,User request,2028-11-27,1760,Completed,955
343,Expired card,2025-06-04,1954,Completed,630
344,Expired card,2029-09-08,1950,Cancelled,859
345,Expired card,2024-11-12,1385,Processed,645
346,Damaged card,2029-10-11,1786,Cancelled,657
347,Damaged card,2026-10-23,1064,Processed,90
348,Expired card,2027-01-19,1868,Cancelled,277
349,User request,2025-07-29,1147,Processed,865
350,Damaged card,2024-12-12,1657,Completed,463
351,Damaged card,2025-04-09,1996,Pending,341
352,Fraudulent activity,2027-06-03,1809,Pending,591
353,Expired card,2028-05-14,1123,Processed,862
354,Damaged card,2029-01-17,1018,Pending,777
355,Lost card,2026-10-09,1077,Processed,99
356,Expired card,2026-09-29,1112,Completed,136
357,User request,2025-05-20,1160,Pending,566
358,Lost card,2025-07-03,1568,Cancelled,176
359,User request,2028-03-12,1844,Pending,582
360,User request,2024-08-17,1001,Completed,861
361,User request,2026-04-08,1962,Pending,927
362,Expired card,2028-05-07,1516,Completed,632
363,User request,2026-12-16,1973,Pending,245
364,Lost card,2029-07-28,1067,Processed,377
365,Fraudulent activity,2025-09-26,1232,Pending,819
366,Fraudulent activity,2026-07-01,1924,Processed,548
367,Lost card,2029-07-26,1012,Completed,996
368,Damaged card,2027-05-21,1563,Processed,644
369,Expired card,2029-03-26,1505,Completed,683
370,Fraudulent activity,2026-12-16,1112,Cancelled,353
371,Expired card,2026-02-05,1017,Cancelled,744
372,Damaged card,2029-08-25,1459,Pending,501
373,Damaged card,2024-07-25,1799,Cancelled,464
374,Lost card,2030-04-11,1316,Cancelled,448
375,Damaged card,2027-05-05,1430,Cancelled,496
376,Damaged card,2029-02-04,1520,Processed,434
377,Lost card,2025-06-21,1440,Processed,663
378,Fraudulent activity,2029-11-04,1691,Pending,148
379,Lost card,2025-09-18,1987,Cancelled,129
380,User request,2028-01-29,1068,Cancelled,420
381,User request,2026-10-04,1868,Completed,584
382,Damaged card,2027-06-29,1155,Completed,42
383,Expired card,2025-12-16,1803,Completed,545
384,User request,2029-05-15,1845,Pending,618
385,Lost card,2025-03-16,1092,Cancelled,787
386,Damaged card,2026-10-24,1247,Pending,450
387,Lost card,2029-12-30,1136,Processed,98
388,User request,2027-06-19,1516,Pending,717
389,Damaged card,2028-03-05,1959,Pending,617
390,Lost card,2026-02-06,1772,Processed,613
391,Damaged card,2030-05-16,1875,Processed,6
392,Damaged card,2029-12-08,1827,Processed,925
393,Lost card,2026-12-24,1694,Cancelled,76
394,Expired card,2024-06-16,1705,Pending,432
395,User request,2026-03-25,1042,Completed,626
396,User request,2028-04-07,1001,Pending,60
397,Damaged card,2029-08-23,1346,Completed,193
398,Expired card,2026-03-17,1110,Pending,66
399,Damaged card,2026-11-21,1685,Cancelled,770
400,Damaged card,2026-08-25,1333,Cancelled,730
401,Expired card,2029-05-22,1355,Cancelled,3
402,Damaged card,2030-03-21,1952,Processed,198
403,Lost card,2026-06-23,1789,Cancelled,702
404,Fraudulent activity,2024-07-19,1768,Pending,633
405,Fraudulent activity,2028-11-07,1085,Pending,740
406,Damaged card,2027-11-21,1381,Processed,856
407,Fraudulent activity,2028-09-16,1176,Completed,468
408,User request,2027-05-07,1661,Cancelled,290
409,Expired card,2024-10-30,1463,Completed,225
410,Expired card,2028-05-17,1259,Processed,474
411,Damaged card,2025-10-22,1736,Processed,741
412,Damaged card,2025-10-05,1438,Cancelled,487
413,Fraudulent activity,2027-08-18,1081,Cancelled,247
414,Lost card,2027-11-15,1561,Processed,843
415,Expired card,2026-05-02,1791,Cancelled,405
416,Expired card,2028-04-23,1498,Processed,539
417,Expired card,2030-03-22,1218,Pending,661
418,Expired card,2027-08-26,1732,Processed,472
419,User request,2029-09-26,1698,Completed,519
420,User request,2026-03-05,1113,Pending,608
421,Lost card,2025-12-21,1295,Cancelled,242
422,Fraudulent activity,2029-08-22,1872,Cancelled,887
423,Damaged card,2024-07-08,1478,Completed,849
424,User request,2026-07-31,1523,Cancelled,391
425,Lost card,2029-06-07,1026,Cancelled,177
426,Fraudulent activity,2028-10-15,1740,Processed,681
427,Damaged card,2029-07-18,1748,Pending,787
428,User request,2025-09-05,1207,Completed,415
429,User request,2027-07-17,1293,Processed,71
430,Damaged card,2024-09-22,1640,Completed,253
431,Damaged card,2028-09-14,1639,Pending,503
432,User request,2025-10-06,1287,Pending,776
433,Lost card,2027-04-13,1140,Processed,174
434,Fraudulent activity,2029-02-06,1143,Pending,971
435,Fraudulent activity,2025-08-08,1587,Processed,625
436,Expired card,2030-05-15,1871,Cancelled,538
437,Expired card,2029-02-10,1483,Pending,571
438,User request,2025-10-15,1277,Completed,861
439,User request,2028-05-21,1990,Pending,747
440,User request,2027-07-27,1760,Completed,177
441,Fraudulent activity,2024-10-30,1180,Processed,32
442,Fraudulent activity,2028-05-23,1438,Processed,996
443,User request,2029-01-05,1665,Processed,411
444,Expired card,2028-06-11,1631,Completed,868
445,Fraudulent activity,2027-03-25,1534,Cancelled,944
446,Damaged card,2029-02-09,1512,Pending,513
447,Lost card,2024-10-06,1677,Completed,268
448,Expired card,2025-10-23,1890,Completed,70
449,Fraudulent activity,2026-02-25,1754,Completed,594
450,User request,2030-02-20,1178,Pending,508
451,Fraudulent activity,2028-11-04,1037,Pending,446
452,Fraudulent activity,2028-01-17,1782,Processed,899
453,Expired card,2025-10-04,1524,Processed,57
454,Expired card,2027-03-11,1237,Completed,241
455,Fraudulent activity,2029-04-08,1433,Cancelled,7
456,Damaged card,2030-01-22,1476,Processed,297
457,Damaged card,2029-10-23,1216,Pending,476
458,Lost card,2028-10-06,1108,Cancelled,189
459,Damaged card,2030-01-08,1720,Completed,276
460,Lost card,2025-05-08,1102,Pending,758
461,User request,2028-03-30,1072,Cancelled,995
462,Expired card,2026-09-18,1908,Pending,743
463,User request,2028-03-30,1822,Processed,136
464,Damaged card,2025-12-18,1222,Processed,710
465,Damaged card,2026-08-02,1181,Completed,950
466,Damaged card,2027-12-18,2000,Completed,393
467,Expired card,2030-02-12,1336,Cancelled,479
468,User request,2028-08-18,1716,Processed,199
469,Lost card,2029-04-06,1333,Pending,448
470,User request,2027-04-09,1992,Completed,308
471,Expired card,2024-08-24,1232,Pending,268
472,Damaged card,2029-09-11,1049,Completed,335
473,Fraudulent activity,2027-06-06,1836,Completed,939
474,Lost card,2028-09-23,1939,Pending,689
475,Fraudulent activity,2026-10-12,1178,Completed,346
476,Expired card,2029-08-20,1644,Completed,328
477,Fraudulent activity,2026-12-24,1929,Cancelled,69
478,Expired card,2027-12-15,1938,Processed,970
479,User request,2024-10-05,1187,Processed,556
480,Damaged card,2027-08-31,1764,Processed,761
481,User request,2025-01-08,1944,Processed,486
482,Fraudulent activity,2029-05-05,1982,Processed,819
483,Lost card,2026-08-26,1292,Completed,444
484,Expired card,2026-07-05,1949,Pending,657
485,Fraudulent activity,2029-08-14,1976,Processed,203
486,User request,2028-11-21,1141,Cancelled,139
487,Expired card,2024-07-13,1288,Pending,606
488,Expired card,2029-05-10,1292,Pending,17
489,User request,2029-09-04,1559,Processed,455
490,User request,2028-10-11,1913,Processed,375
491,Expired card,2026-06-22,1372,Processed,190
492,Expired card,2029-12-23,1705,Pending,967
493,User request,2025-08-04,1593,Pending,920
494,Lost card,2025-10-02,1044,Completed,891
495,Fraudulent activity,2029-03-16,1333,Pending,550
496,Expired card,2029-04-30,1022,Pending,207
497,Lost card,2025-02-21,1170,Pending,566
498,Damaged card,2024-10-10,1904,Pending,251
499,Expired card,2030-04-30,1837,Pending,180
500,Lost card,2029-08-05,1348,Processed,247
501,Damaged card,2024-12-25,1639,Processed,968
502,User request,2025-08-21,1916,Pending,337
503,Lost card,2027-08-13,1362,Cancelled,867
504,Lost card,2030-02-13,1114,Processed,303
505,User request,2027-11-16,1292,Processed,327
506,Fraudulent activity,2029-02-08,1207,Completed,170
507,Lost card,2025-02-17,1414,Processed,683
508,Lost card,2026-01-16,1998,Completed,985
509,Lost card,2029-12-02,1934,Cancelled,26
510,Damaged card,2028-03-29,1250,Pending,688
511,User request,2028-09-17,1811,Processed,649
512,User request,2028-06-28,1988,Pending,75
513,User request,2026-01-19,1598,Completed,472
514,Expired card,2027-01-03,1008,Completed,279
515,Damaged card,2026-11-03,1690,Pending,539
516,Expired card,2024-10-07,1361,Pending,392
517,Lost card,2025-01-09,1867,Cancelled,417
518,User request,2026-02-13,1606,Cancelled,98
519,Fraudulent activity,2028-05-07,1949,Pending,699
520,Damaged card,2029-07-17,1636,Completed,669
521,User request,2026-12-30,1401,Pending,79
522,Expired card,2027-12-12,1030,Cancelled,36
523,Lost card,2025-07-25,1303,Processed,420
524,Expired card,2025-02-02,1647,Pending,707
525,Expired card,2024-09-16,1975,Cancelled,8
526,Lost card,2025-04-11,1787,Pending,1
527,Expired card,2025-11-13,1137,Processed,949
528,Expired card,2024-10-02,1428,Cancelled,397
529,Lost card,2026-07-09,1319,Processed,655
530,User request,2025-02-25,1471,Completed,413
531,Lost card,2024-12-14,1327,Processed,116
532,Damaged card,2030-04-07,1376,Pending,898
533,Damaged card,2029-07-30,1963,Pending,946
534,User request,2028-09-13,1898,Pending,337
535,Lost card,2029-08-20,1552,Processed,265
536,Damaged card,2027-06-06,1596,Processed,894
537,Expired card,2028-08-09,1669,Pending,271
538,Fraudulent activity,2029-08-07,1741,Processed,734
539,User request,2027-04-20,1990,Pending,712
540,User request,2029-01-28,1800,Processed,597
541,Expired card,2029-03-08,1162,Completed,529
542,Expired card,2029-07-11,1513,Completed,512
543,Damaged card,2030-01-01,1428,Pending,301
544,Damaged card,2024-11-24,1126,Processed,79
545,Fraudulent activity,2028-11-04,1541,Processed,569
546,Fraudulent activity,2025-05-11,1795,Pending,916
547,Damaged card,2025-11-22,1834,Completed,132
548,Fraudulent activity,2027-05-17,1717,Cancelled,748
549,Lost card,2027-09-09,1839,Cancelled,642
550,Expired card,2028-08-27,1562,Completed,590
551,Damaged card,2024-11-24,1271,Processed,52
552,Damaged card,2025-06-26,1929,Processed,836
553,Fraudulent activity,2025-01-17,1257,Cancelled,797
554,Damaged card,2027-11-02,1404,Pending,626
555,Damaged card,2026-11-13,1305,Cancelled,479
556,User request,2027-11-23,1116,Pending,73
557,Fraudulent activity,2025-10-16,1107,Processed,318
558,Expired card,2025-07-17,1090,Cancelled,57
559,Lost card,2028-07-13,1223,Cancelled,312
560,User request,2027-05-23,1314,Pending,986
561,Expired card,2028-12-29,1312,Processed,238
562,Expired card,2024-07-31,1249,Pending,987
563,Lost card,2026-07-22,1703,Pending,499
564,User request,2025-07-27,1848,Processed,94
565,User request,2025-12-13,1684,Completed,227
566,Expired card,2026-01-23,1687,Pending,737
567,User request,2030-02-14,1818,Processed,884
568,Expired card,2030-02-08,1641,Pending,469
569,Fraudulent activity,2028-03-26,1332,Pending,835
570,User request,2025-04-07,1158,Cancelled,356
571,Lost card,2029-01-07,1465,Pending,110
572,Fraudulent activity,2029-02-06,1209,Cancelled,703
573,Damaged card,2030-05-02,1091,Pending,943
574,Lost card,2025-10-23,1096,Processed,109
575,Fraudulent activity,2025-11-04,1230,Completed,373
576,Damaged card,2029-03-25,1496,Cancelled,175
577,User request,2025-07-16,1389,Processed,504
578,Expired card,2026-12-20,1080,Processed,601
579,Expired card,2027-08-11,1257,Pending,798
580,Expired card,2026-06-10,1459,Processed,361
581,User request,2030-03-21,1718,Completed,279
582,Expired card,2026-07-10,1459,Pending,615
583,User request,2028-12-07,1289,Processed,59
584,Fraudulent activity,2027-10-19,1912,Completed,758
585,Expired card,2025-02-17,1227,Cancelled,799
586,Fraudulent activity,2027-10-26,1421,Pending,55
587,Fraudulent activity,2025-02-23,1774,Pending,986
588,Fraudulent activity,2029-09-30,1769,Processed,316
589,Lost card,2029-12-21,1016,Completed,76
590,Fraudulent activity,2029-06-30,1973,Pending,117
591,Lost card,2026-04-24,1594,Completed,487
592,Lost card,2028-05-10,1449,Completed,681
593,Fraudulent activity,2026-05-06,1852,Cancelled,409
594,User request,2030-04-18,1426,Cancelled,521
595,Fraudulent activity,2027-11-13,1716,Completed,387
596,Lost card,2028-04-07,1886,Processed,834
597,User request,2026-09-12,1468,Cancelled,846
598,Damaged card,2028-07-27,1481,Cancelled,359
599,Expired card,2026-08-19,1344,Processed,196
600,Fraudulent activity,2024-12-30,1664,Pending,571
601,Damaged card,2028-09-29,1310,Processed,823
602,Lost card,2024-07-11,1908,Completed,490
603,Damaged card,2024-08-15,1676,Pending,980
604,Damaged card,2027-05-08,1914,Cancelled,415
605,Damaged card,2028-11-08,1025,Pending,22
606,Lost card,2025-01-17,1861,Processed,881
607,Damaged card,2026-09-23,1989,Pending,747
608,Damaged card,2025-03-21,1787,Cancelled,208
609,User request,2025-03-12,1293,Cancelled,276
610,Expired card,2029-02-23,1836,Processed,742
611,User request,2030-02-10,1808,Processed,278
612,Fraudulent activity,2029-04-07,1998,Pending,770
613,Fraudulent activity,2029-04-01,1065,Processed,701
614,Lost card,2029-01-30,1565,Cancelled,54
615,Damaged card,2029-02-19,1602,Completed,639
616,User request,2025-10-19,1270,Pending,949
617,Expired card,2029-05-29,1602,Cancelled,649
618,Fraudulent activity,2025-06-19,1052,Cancelled,172
619,User request,2028-07-30,1762,Pending,270
620,Lost card,2029-11-17,1041,Cancelled,237
621,Expired card,2026-06-17,1850,Completed,570
622,Lost card,2025-02-15,1325,Cancelled,416
623,Lost card,2027-08-04,1222,Cancelled,404
624,Lost card,2026-08-16,1518,Cancelled,83
625,Fraudulent activity,2028-10-29,1928,Pending,961
626,Expired card,2027-05-05,1380,Pending,89
627,Expired card,2024-09-25,1488,Pending,791
628,Fraudulent activity,2027-05-09,1691,Completed,96
629,Expired card,2029-12-18,1900,Processed,966
630,User request,2025-02-07,1189,Completed,866
631,Expired card,2028-07-14,1454,Completed,56
632,Lost card,2029-05-18,1506,Processed,507
633,Fraudulent activity,2028-02-18,1185,Completed,450
634,Fraudulent activity,2028-03-14,1003,Processed,682
635,Damaged card,2027-08-08,1425,Completed,804
636,User request,2028-09-22,1301,Pending,286
637,Damaged card,2025-12-21,1943,Cancelled,758
638,Fraudulent activity,2026-01-28,1574,Cancelled,349
639,Lost card,2026-09-10,1815,Completed,331
640,Fraudulent activity,2024-08-17,1905,Processed,142
641,Expired card,2026-03-17,1779,Completed,371
642,Expired card,2025-09-22,1927,Pending,102
643,User request,2024-07-04,1534,Completed,600
644,Lost card,2029-06-10,1594,Pending,496
645,Expired card,2026-02-28,1283,Pending,58
646,User request,2029-03-28,1205,Cancelled,828
647,Fraudulent activity,2026-08-30,1211,Processed,326
648,Lost card,2028-07-21,1111,Completed,658
649,Lost card,2025-12-21,1883,Cancelled,224
650,Fraudulent activity,2028-01-04,1204,Cancelled,998
651,Damaged card,2028-01-01,1894,Cancelled,30
652,User request,2027-06-29,1606,Pending,60
653,Expired card,2026-07-26,1118,Cancelled,828
654,Lost card,2027-10-01,1934,Pending,36
655,Lost card,2025-01-14,1143,Completed,555
656,Lost card,2024-09-21,1505,Processed,724
657,Damaged card,2027-05-31,1724,Cancelled,403
658,User request,2025-05-11,1510,Pending,26
659,Expired card,2027-03-23,1856,Pending,468
660,Damaged card,2030-02-20,1256,Cancelled,649
661,Lost card,2029-07-28,1542,Cancelled,986
662,Lost card,2029-01-27,1791,Processed,255
663,Lost card,2026-11-01,1022,Cancelled,504
664,Lost card,2030-01-09,1065,Completed,927
665,Lost card,2025-07-31,1892,Cancelled,687
666,Lost card,2027-02-18,1001,Processed,898
667,Fraudulent activity,2024-11-16,1039,Pending,423
668,Damaged card,2028-10-19,1874,Processed,988
669,User request,2030-05-14,1183,Processed,393
670,Expired card,2026-02-06,1427,Completed,394
671,Lost card,2025-05-10,1992,Completed,49
672,User request,2029-09-08,1895,Cancelled,337
673,Fraudulent activity,2028-09-22,1755,Completed,610
674,Lost card,2028-06-29,1131,Processed,347
675,User request,2027-04-07,1536,Pending,41
676,User request,2025-10-31,1886,Completed,141
677,Lost card,2025-04-03,1759,Cancelled,957
678,User request,2025-08-30,1695,Cancelled,704
679,Expired card,2029-04-10,1839,Completed,346
680,Lost card,2028-02-01,1186,Processed,413
681,Damaged card,2026-07-09,1887,Completed,240
682,Damaged card,2028-01-06,1482,Completed,543
683,Fraudulent activity,2026-04-03,1658,Completed,759
684,Fraudulent activity,2025-01-02,1785,Cancelled,650
685,Lost card,2029-02-09,1048,Processed,90
686,Fraudulent activity,2029-07-30,1482,Completed,6
687,Damaged card,2026-01-07,1786,Cancelled,247
688,Lost card,2024-06-18,1804,Processed,220
689,Fraudulent activity,2026-02-25,1294,Completed,89
690,Fraudulent activity,2027-05-14,1763,Processed,194
691,Lost card,2025-09-12,1683,Cancelled,732
692,Fraudulent activity,2027-12-13,1602,Processed,85
693,Fraudulent activity,2024-09-13,1366,Completed,428
694,Damaged card,2025-05-11,1735,Completed,162
695,Expired card,2028-06-17,1913,Cancelled,685
696,Fraudulent activity,2029-05-22,1387,Cancelled,449
697,Fraudulent activity,2025-08-02,1101,Completed,645
698,Damaged card,2029-08-09,1198,Completed,671
699,Expired card,2030-05-14,1428,Processed,271
700,Damaged card,2030-03-01,1153,Processed,347
701,Expired card,2029-09-02,1846,Pending,287
702,Damaged card,2027-01-23,1423,Completed,863
703,Lost card,2028-09-06,1395,Cancelled,958
704,Fraudulent activity,2029-11-07,1311,Pending,454
705,Lost card,2028-07-05,1787,Completed,946
706,Damaged card,2030-01-19,1656,Completed,847
707,User request,2025-05-15,1193,Cancelled,179
708,Fraudulent activity,2028-01-04,1217,Pending,722
709,Expired card,2029-01-29,1568,Completed,224
710,User request,2026-07-21,1448,Processed,692
711,User request,2027-07-31,1011,Completed,729
712,User request,2025-04-22,1122,Cancelled,453
713,User request,2026-04-01,1218,Completed,499
714,Expired card,2027-07-26,1822,Pending,847
715,User request,2025-07-29,1560,Pending,651
716,Expired card,2028-11-16,1538,Processed,51
717,User request,2028-05-30,1532,Processed,779
718,Damaged card,2026-10-19,1710,Completed,251
719,Lost card,2028-11-17,1377,Processed,686
720,Lost card,2030-01-19,1496,Processed,681
721,Damaged card,2029-09-11,1922,Cancelled,30
722,Fraudulent activity,2029-12-02,1025,Completed,797
723,Fraudulent activity,2025-05-05,1889,Cancelled,683
724,Damaged card,2028-11-30,1117,Pending,571
725,Lost card,2027-03-19,1784,Cancelled,984
726,Lost card,2025-05-24,1101,Completed,996
727,Fraudulent activity,2025-03-31,1102,Cancelled,450
728,Lost card,2024-10-18,1052,Cancelled,198
729,Damaged card,2028-05-31,1425,Pending,908
730,Damaged card,2027-03-13,1315,Pending,185
731,User request,2028-02-01,1932,Processed,953
732,User request,2028-05-02,1534,Pending,952
733,Expired card,2028-08-30,1835,Completed,434
734,User request,2028-07-08,1980,Completed,539
735,Lost card,2026-07-04,1562,Completed,361
736,Expired card,2025-03-20,1117,Processed,240
737,Lost card,2026-10-17,1700,Cancelled,759
738,Damaged card,2028-02-20,1071,Completed,978
739,Expired card,2027-11-14,1272,Pending,47
740,Damaged card,2028-09-27,1368,Processed,595
741,User request,2026-12-13,1552,Cancelled,336
742,Expired card,2029-02-08,1150,Completed,478
743,Damaged card,2026-06-11,1498,Pending,746
744,Damaged card,2026-05-05,1401,Pending,283
745,Expired card,2025-12-02,1164,Cancelled,744
746,Lost card,2027-04-16,1143,Completed,976
747,Lost card,2028-01-13,1090,Cancelled,592
748,Lost card,2027-01-30,1707,Completed,55
749,Lost card,2025-03-01,1926,Cancelled,79
750,User request,2027-05-14,1428,Completed,271
751,Expired card,2029-07-25,1008,Completed,299
752,User request,2025-06-10,1298,Pending,927
753,User request,2026-11-08,1282,Cancelled,942
754,Fraudulent activity,2028-11-24,1872,Cancelled,99
755,Fraudulent activity,2028-11-10,1526,Completed,696
756,Lost card,2029-09-28,1916,Completed,409
757,Fraudulent activity,2027-08-15,1157,Cancelled,731
758,Lost card,2027-03-20,1384,Pending,270
759,Lost card,2025-07-22,1072,Pending,407
760,User request,2026-10-09,1245,Processed,94
761,User request,2024-05-22,1574,Completed,751
762,Damaged card,2027-02-11,1811,Pending,486
763,Fraudulent activity,2026-02-13,1888,Pending,254
764,Damaged card,2029-08-21,1998,Pending,498
765,Lost card,2026-01-01,1611,Processed,451
766,Damaged card,2028-02-21,1627,Completed,412
767,Lost card,2029-09-22,1697,Processed,978
768,Lost card,2029-04-05,1326,Processed,211
769,Fraudulent activity,2028-08-31,1911,Pending,890
770,User request,2027-06-09,1863,Cancelled,746
771,Lost card,2025-10-11,1201,Pending,64
772,Fraudulent activity,2029-02-17,1311,Processed,462
773,User request,2029-02-07,1826,Completed,171
774,Damaged card,2029-08-26,1028,Processed,474
775,Lost card,2027-05-18,1985,Cancelled,462
776,Lost card,2025-09-23,1513,Processed,152
777,User request,2025-08-31,1859,Pending,892
778,User request,2026-01-16,1796,Cancelled,178
779,Lost card,2028-03-28,1124,Completed,160
780,Lost card,2029-08-09,1085,Pending,950
781,Damaged card,2029-07-07,1655,Cancelled,319
782,User request,2029-09-22,1858,Processed,545
783,Expired card,2028-05-08,1802,Completed,500
784,Expired card,2029-10-23,1745,Completed,672
785,Fraudulent activity,2028-11-14,1512,Cancelled,227
786,Fraudulent activity,2025-03-21,1162,Completed,339
787,User request,2030-05-08,1729,Completed,623
788,User request,2026-10-08,1364,Cancelled,790
789,User request,2024-12-27,1094,Cancelled,5
790,User request,2029-04-17,1148,Processed,398
791,User request,2026-11-17,1155,Completed,191
792,Fraudulent activity,2024-08-05,1911,Completed,169
793,User request,2028-02-07,1641,Cancelled,389
794,Lost card,2026-11-28,1281,Cancelled,58
795,User request,2027-03-15,1355,Pending,239
796,Expired card,2028-08-26,1425,Processed,188
797,Damaged card,2030-03-19,1152,Processed,872
798,Expired card,2027-03-20,1203,Processed,627
799,Expired card,2029-01-31,1549,Cancelled,131
800,Lost card,2026-05-19,1365,Processed,380
801,Expired card,2025-07-13,1471,Completed,379
802,Lost card,2026-11-16,1423,Completed,814
803,Fraudulent activity,2026-09-02,1620,Cancelled,120
804,Lost card,2028-09-27,1266,Cancelled,951
805,Fraudulent activity,2024-08-26,1462,Cancelled,448
806,Lost card,2024-06-21,1749,Pending,429
807,Lost card,2028-03-03,1810,Processed,612
808,Lost card,2028-05-18,1752,Cancelled,76
809,User request,2024-07-15,1128,Processed,943
810,Damaged card,2026-02-27,1795,Processed,263
811,User request,2029-11-18,1859,Cancelled,996
812,Lost card,2025-07-01,1434,Pending,665
813,Expired card,2027-07-11,1837,Completed,838
814,Expired card,2029-03-07,1233,Cancelled,412
815,Fraudulent activity,2024-07-10,1182,Cancelled,349
816,Damaged card,2025-08-17,1295,Pending,503
817,Fraudulent activity,2026-03-18,1249,Completed,741
818,Lost card,2024-07-11,1592,Completed,305
819,Damaged card,2028-06-30,1413,Completed,288
820,Expired card,2025-04-03,1452,Cancelled,899
821,User request,2029-09-16,1157,Processed,743
822,Fraudulent activity,2024-12-09,1854,Cancelled,601
823,Expired card,2028-03-27,1742,Processed,377
824,Lost card,2029-01-23,1526,Completed,281
825,User request,2026-06-07,1348,Processed,365
826,Lost card,2029-10-25,1218,Pending,506
827,Damaged card,2025-05-23,1193,Pending,732
828,User request,2027-10-17,1159,Pending,108
829,Expired card,2029-01-17,1610,Processed,434
830,Lost card,2029-05-03,1508,Pending,527
831,Damaged card,2024-10-17,1237,Processed,255
832,Lost card,2024-12-28,1869,Completed,251
833,Expired card,2029-08-05,1502,Completed,592
834,User request,2029-03-12,1835,Cancelled,894
835,Lost card,2030-05-05,1995,Completed,715
836,Lost card,2027-05-31,1595,Cancelled,314
837,User request,2030-05-12,1344,Completed,82
838,Expired card,2026-06-19,1326,Pending,585
839,Lost card,2024-09-09,1771,Pending,922
840,Lost card,2027-08-28,1316,Processed,904
841,Damaged card,2026-09-18,1647,Processed,34
842,Damaged card,2029-02-18,1601,Pending,894
843,Lost card,2030-02-03,1929,Cancelled,220
844,User request,2028-02-20,1109,Completed,578
845,Expired card,2025-02-13,1867,Processed,252
846,Expired card,2028-04-07,1590,Cancelled,886
847,Expired card,2029-11-19,1202,Processed,515
848,Expired card,2027-01-14,1597,Completed,682
849,Damaged card,2027-12-08,1492,Pending,791
850,Lost card,2030-02-20,1067,Pending,831
851,Expired card,2028-04-04,1240,Completed,15
852,Expired card,2030-03-17,1314,Processed,346
853,Lost card,2028-09-01,1065,Processed,650
854,Expired card,2028-11-16,1906,Pending,510
855,User request,2025-02-03,1899,Completed,473
856,User request,2024-06-28,1991,Cancelled,30
857,User request,2026-05-16,1335,Pending,876
858,User request,2029-11-24,1441,Cancelled,602
859,Lost card,2025-01-25,1033,Pending,723
860,Expired card,2025-11-15,1830,Pending,64
861,User request,2029-10-06,1528,Cancelled,635
862,Damaged card,2028-01-06,1842,Processed,681
863,User request,2025-07-11,1782,Pending,806
864,User request,2026-08-17,1522,Processed,705
865,Fraudulent activity,2028-10-07,1412,Pending,57
866,Lost card,2026-07-12,1106,Processed,799
867,User request,2025-06-16,1804,Processed,509
868,Damaged card,2025-11-10,1275,Processed,555
869,Damaged card,2029-11-22,1321,Completed,803
870,Lost card,2027-07-15,1724,Processed,456
871,Expired card,2024-12-20,1852,Completed,334
872,Damaged card,2028-10-11,1264,Completed,38
873,Fraudulent activity,2028-01-28,1509,Processed,373
874,User request,2030-04-27,1055,Completed,972
875,Lost card,2029-12-17,1245,Pending,774
876,Damaged card,2025-04-12,1535,Processed,123
877,User request,2029-08-05,1710,Processed,88
878,Expired card,2027-04-23,1184,Processed,30
879,Damaged card,2025-05-05,1021,Completed,862
880,Damaged card,2027-10-10,1047,Completed,183
881,User request,2026-05-04,1876,Processed,987
882,Expired card,2027-08-21,1657,Processed,926
883,Damaged card,2028-06-08,1715,Cancelled,665
884,Lost card,2025-11-11,1288,Cancelled,13
885,Expired card,2029-06-11,1455,Processed,441
886,Expired card,2025-01-14,1332,Cancelled,241
887,User request,2025-01-27,1722,Completed,950
888,Expired card,2024-06-05,1163,Processed,525
889,Lost card,2030-04-27,1157,Pending,207
890,User request,2027-02-24,1018,Pending,160
891,Damaged card,2029-04-06,1217,Completed,989
892,Expired card,2025-03-07,1410,Cancelled,933
893,Fraudulent activity,2024-09-18,1868,Pending,211
894,Damaged card,2027-10-25,1172,Processed,634
895,Expired card,2028-06-19,1648,Pending,821
896,Lost card,2027-12-27,1850,Cancelled,722
897,Fraudulent activity,2024-11-25,1082,Processed,489
898,User request,2030-05-13,1311,Processed,429
899,Damaged card,2027-11-29,1082,Processed,767
900,Lost card,2025-11-04,1015,Pending,997
901,Damaged card,2024-10-17,1080,Cancelled,717
902,Damaged card,2029-09-17,1422,Completed,45
903,Damaged card,2024-08-25,1661,Pending,812
904,User request,2026-06-27,1947,Processed,775
905,User request,2024-12-07,1176,Processed,385
906,Fraudulent activity,2026-12-09,1007,Completed,954
907,Fraudulent activity,2026-06-01,1019,Processed,41
908,Fraudulent activity,2025-07-25,1337,Pending,499
909,Expired card,2028-12-11,1023,Pending,652
910,Expired card,2025-12-29,1970,Processed,271
911,Lost card,2029-07-20,1503,Cancelled,483
912,Damaged card,2027-05-20,1160,Completed,238
913,User request,2027-02-13,1330,Pending,327
914,Fraudulent activity,2024-06-08,1310,Pending,656
915,Damaged card,2026-08-05,1747,Processed,458
916,Fraudulent activity,2027-12-06,1348,Processed,404
917,Damaged card,2027-03-03,1917,Cancelled,394
918,Expired card,2029-08-30,1564,Completed,679
919,Damaged card,2028-08-23,1839,Completed,215
920,Fraudulent activity,2027-12-28,1970,Completed,416
921,Lost card,2028-10-22,1675,Processed,95
922,User request,2024-11-16,1756,Cancelled,993
923,Lost card,2029-08-07,1529,Pending,64
924,Expired card,2025-07-08,1752,Cancelled,454
925,Expired card,2025-05-03,1338,Completed,765
926,Damaged card,2025-03-14,1195,Cancelled,845
927,Expired card,2026-03-04,1047,Processed,624
928,Damaged card,2025-05-04,1328,Pending,58
929,Fraudulent activity,2026-10-25,1658,Processed,477
930,User request,2027-07-26,1417,Processed,90
931,User request,2029-12-01,1027,Pending,965
932,Damaged card,2026-04-06,1724,Pending,733
933,Fraudulent activity,2025-07-10,1253,Processed,60
934,User request,2025-11-22,1754,Cancelled,723
935,Damaged card,2024-11-09,1669,Cancelled,22
936,User request,2024-07-10,1680,Processed,102
937,Lost card,2029-09-06,1537,Completed,145
938,Damaged card,2026-02-10,1802,Processed,314
939,Fraudulent activity,2028-03-17,1206,Completed,799
940,Damaged card,2029-06-22,1328,Pending,556
941,Expired card,2029-02-24,1560,Completed,204
942,Fraudulent activity,2027-01-16,1161,Pending,342
943,Damaged card,2029-05-24,1500,Completed,149
944,Fraudulent activity,2028-08-04,1037,Processed,768
945,User request,2027-10-22,1763,Completed,855
946,Damaged card,2028-05-01,1698,Completed,216
947,Expired card,2025-02-27,1842,Cancelled,149
948,Fraudulent activity,2025-02-19,1419,Completed,110
949,Damaged card,2024-06-23,1175,Processed,929
950,Fraudulent activity,2027-06-19,1865,Completed,576
951,User request,2027-08-09,1742,Completed,416
952,Damaged card,2026-11-28,1505,Pending,308
953,Lost card,2024-07-24,1242,Processed,420
954,Expired card,2026-08-24,1778,Cancelled,804
955,Damaged card,2027-11-02,1851,Cancelled,501
956,Expired card,2025-12-25,1720,Completed,767
957,Fraudulent activity,2025-01-13,1215,Processed,213
958,User request,2029-11-03,1625,Completed,171
959,User request,2028-04-15,1783,Cancelled,471
960,Fraudulent activity,2025-08-30,1688,Completed,433
961,Lost card,2030-03-12,1902,Processed,901
962,User request,2025-07-03,1249,Cancelled,262
963,Expired card,2026-08-29,1301,Pending,87
964,Expired card,2029-04-25,1159,Cancelled,758
965,Lost card,2030-05-05,1570,Processed,196
966,Lost card,2030-02-26,1812,Completed,679
967,Damaged card,2027-01-01,1067,Processed,454
968,Fraudulent activity,2026-03-25,1599,Pending,835
969,User request,2027-07-17,1032,Completed,954
970,Fraudulent activity,2027-10-09,1850,Pending,534
971,Damaged card,2024-08-11,1232,Cancelled,143
972,Lost card,2025-10-21,1265,Processed,404
973,Lost card,2024-09-13,1447,Completed,344
974,Fraudulent activity,2024-10-31,1114,Processed,275
975,User request,2028-07-20,1972,Pending,900
976,Fraudulent activity,2028-08-25,1512,Processed,669
977,Lost card,2026-08-29,1067,Pending,275
978,User request,2024-12-23,1136,Cancelled,843
979,Expired card,2029-12-29,1521,Cancelled,689
980,Lost card,2026-11-19,1375,Cancelled,139
981,User request,2026-03-21,1807,Pending,148
982,Expired card,2025-01-01,1586,Processed,473
983,User request,2029-06-28,1676,Cancelled,411
984,Lost card,2027-09-13,1970,Processed,784
985,Damaged card,2028-10-16,1935,Pending,226
986,Damaged card,2026-10-17,1724,Cancelled,103
987,Damaged card,2029-06-23,1942,Cancelled,966
988,Fraudulent activity,2029-07-05,1355,Completed,870
989,Fraudulent activity,2027-02-07,1889,Cancelled,837
990,Lost card,2025-06-08,1817,Cancelled,343
991,Damaged card,2025-05-20,1722,Completed,569
992,Lost card,2026-11-15,1476,Pending,982
993,User request,2030-01-01,1048,Pending,401
994,Expired card,2026-11-23,1325,Cancelled,147
995,Damaged card,2026-07-23,1085,Processed,150
996,User request,2025-11-06,1341,Completed,268
997,Lost card,2029-06-08,1427,Cancelled,321
998,Expired card,2025-10-13,1816,Processed,828
999,Fraudulent activity,2027-03-15,1312,Completed,970
1000,Expired card,2028-12-10,1885,Completed,938
