type_id,type_name,description,daily_limit,withdrawal_limit,annual_fee
1,Premium,Basic card,7183.1,3302.92,87.4
2,Platinum,Contactless support,4650.96,1577.27,60.91
3,Business,Suitable for students,2547.74,4972.35,48.73
4,Student,Contactless support,5934.95,610.45,43.6
5,Platinum,Suitable for students,5462.61,4115.76,18.36
6,Premium,Basic card,9271.71,4430.31,27.11
7,Business,High limit card,3098.4,3303.51,28.83
8,Gold,Contactless support,2287.68,4118.78,99.31
9,Gold,High limit card,3166.03,1354.59,7.53
10,Classic,High limit card,7701.04,4137.35,93.69
11,Platinum,Contactless support,3051.67,992.54,96.43
12,Gold,Contactless support,1342.02,567.74,43.2
13,Premium,High limit card,6999.52,4001.93,28.79
14,Student,Basic card,1749.37,710.16,37.05
15,Classic,Contactless support,6314.57,3599.47,12.76
16,Student,Includes travel insurance,4583.97,1764.5,83.84
17,Gold,Includes travel insurance,6566.49,410.42,63.02
18,Student,Suitable for students,6948.38,1494.32,83.96
19,Gold,Includes travel insurance,1325.68,2228.08,71.24
20,Student,High limit card,7618.23,1590.69,95.29
21,Classic,Contactless support,8422.9,1072.02,73.78
22,Student,Contactless support,759.97,1216.02,83.65
23,Classic,Suitable for students,6503.02,2683.7,63.73
24,Gold,Contactless support,8954.27,975.69,71.18
25,Classic,High limit card,2095.87,4695.12,22.81
26,Gold,High limit card,7707.16,2335.85,86.08
27,Classic,High limit card,5465.4,4286.11,29.45
28,Business,High limit card,7300.11,4741.74,89.19
29,Student,High limit card,5404.63,4968.12,94.36
30,Classic,Basic card,1326.6,3463.65,13.6
31,Classic,Includes travel insurance,4916.75,2367.2,9.89
32,Student,Suitable for students,7710.79,1123.94,49.08
33,Classic,Suitable for students,2862.76,2498.33,31.75
34,Business,Basic card,2049.57,4667.26,39.26
35,Classic,Basic card,574.07,4922.61,17.71
36,Business,Basic card,932.18,4769.54,82.42
37,Classic,Basic card,3860.0,934.85,59.69
38,Gold,High limit card,2831.88,2625.11,74.96
39,Student,Contactless support,765.71,413.79,71.44
40,Platinum,Basic card,866.06,3599.87,30.75
41,Platinum,Suitable for students,8968.25,4933.36,15.09
42,Student,High limit card,6765.18,4194.68,68.87
43,Student,Contactless support,3020.74,1018.45,92.9
44,Classic,Basic card,9106.23,4194.85,69.82
45,Business,Suitable for students,7209.33,1978.21,60.63
46,Business,High limit card,4487.66,3342.93,34.79
47,Platinum,Includes travel insurance,9121.74,4961.02,76.15
48,Business,Suitable for students,4508.51,3599.1,1.62
49,Premium,Contactless support,333.76,1318.94,35.95
50,Gold,Contactless support,5478.3,4096.54,8.51
51,Platinum,Includes travel insurance,6699.24,1459.4,24.87
52,Student,Basic card,8351.85,3726.99,42.26
53,Gold,High limit card,6375.47,3687.16,98.23
54,Business,Contactless support,9639.98,2170.25,37.37
55,Premium,High limit card,6969.16,1700.38,14.07
56,Premium,High limit card,6102.3,4530.36,23.54
57,Student,High limit card,482.16,89.62,80.23
58,Business,High limit card,906.54,2790.55,7.74
59,Platinum,Includes travel insurance,7998.79,1127.99,80.11
60,Gold,Basic card,3377.16,972.5,43.74
61,Premium,Contactless support,7806.44,1977.81,19.34
62,Premium,Contactless support,2679.19,2205.52,32.02
63,Student,Basic card,9761.03,3066.71,51.85
64,Platinum,Suitable for students,3496.75,4454.49,63.48
65,Premium,Suitable for students,3479.15,1445.5,39.34
66,Business,Contactless support,4455.48,1683.12,85.65
67,Platinum,Includes travel insurance,1947.86,779.19,59.53
68,Student,Includes travel insurance,6674.04,226.14,25.37
69,Student,Includes travel insurance,134.59,4033.3,20.96
70,Student,Basic card,541.23,2202.95,76.85
71,Classic,Suitable for students,3030.87,3902.64,90.55
72,Business,Includes travel insurance,9727.6,4922.48,63.22
73,Student,Contactless support,1290.17,105.56,98.46
74,Classic,High limit card,2650.97,423.38,71.67
75,Platinum,High limit card,2953.34,826.21,36.6
76,Gold,Basic card,2693.24,1143.03,36.83
77,Gold,Includes travel insurance,7145.78,695.6,40.18
78,Classic,Basic card,627.12,3417.64,17.31
79,Gold,Contactless support,5843.5,4269.8,36.59
80,Premium,Suitable for students,1993.32,2311.92,47.94
81,Platinum,Basic card,5617.23,2427.2,21.2
82,Premium,Basic card,6742.75,4858.5,53.38
83,Premium,Includes travel insurance,6767.5,1096.48,45.82
84,Gold,Basic card,6864.03,1081.22,27.22
85,Classic,Basic card,122.55,3338.74,17.12
86,Premium,High limit card,7563.41,421.08,91.16
87,Premium,Includes travel insurance,5464.11,406.17,37.82
88,Business,Includes travel insurance,524.33,1452.81,2.94
89,Premium,Basic card,801.45,2219.97,61.73
90,Business,High limit card,6983.24,2803.07,84.27
91,Classic,Suitable for students,5261.9,3133.17,49.9
92,Premium,Suitable for students,5435.35,2297.1,51.85
93,Classic,Includes travel insurance,4954.21,1127.38,73.23
94,Gold,Suitable for students,950.67,4748.66,43.73
95,Student,Contactless support,2277.57,4690.6,38.48
96,Business,High limit card,9855.07,4888.61,96.55
97,Platinum,High limit card,9873.99,4426.74,94.02
98,Premium,Suitable for students,2297.16,2962.04,77.0
99,Gold,High limit card,7759.55,3364.77,40.23
100,Business,Contactless support,150.55,2137.84,13.51
101,Student,Basic card,9233.56,1876.93,73.15
102,Business,High limit card,206.75,1927.79,9.92
103,Business,Suitable for students,693.6,622.06,95.04
104,Classic,Includes travel insurance,3493.14,4997.43,43.9
105,Gold,Suitable for students,470.69,4451.87,81.8
106,Premium,Suitable for students,542.3,2230.15,37.44
107,Gold,Suitable for students,7134.93,3988.27,81.49
108,Student,Contactless support,9310.03,3844.54,41.38
109,Student,Suitable for students,6183.21,639.11,74.98
110,Classic,Includes travel insurance,1959.86,2231.31,26.19
111,Classic,Basic card,5615.8,2783.27,20.5
112,Gold,Includes travel insurance,4678.02,823.34,77.0
113,Premium,Contactless support,3350.59,1389.95,45.41
114,Premium,Contactless support,2174.76,3047.97,81.45
115,Platinum,Includes travel insurance,4128.68,3095.52,4.69
116,Gold,Suitable for students,7165.3,4513.39,32.13
117,Premium,High limit card,950.09,1910.72,30.96
118,Premium,Includes travel insurance,7370.98,3178.82,60.35
119,Premium,Basic card,4466.64,1628.48,33.16
120,Premium,Suitable for students,6997.1,3766.8,15.63
121,Platinum,Basic card,8986.18,1681.63,37.39
122,Classic,Includes travel insurance,1593.81,843.55,19.21
123,Platinum,Suitable for students,3480.8,4006.36,7.49
124,Platinum,Contactless support,5392.08,1315.89,52.64
125,Gold,Contactless support,3250.54,4801.91,39.76
126,Gold,Suitable for students,315.17,1490.1,87.84
127,Gold,Basic card,9856.47,414.48,24.3
128,Student,Basic card,8948.27,3731.03,54.36
129,Classic,Basic card,8759.19,3345.98,45.24
130,Student,High limit card,5197.91,388.81,87.31
131,Platinum,Basic card,6732.14,336.26,54.73
132,Premium,Suitable for students,8409.84,1690.17,50.27
133,Gold,Suitable for students,2174.87,4058.94,56.05
134,Student,Contactless support,4506.91,2751.36,67.53
135,Gold,High limit card,2679.27,1266.19,7.77
136,Student,High limit card,9182.67,1789.54,9.13
137,Business,Includes travel insurance,6086.25,3960.31,80.02
138,Platinum,Suitable for students,9367.99,4198.61,20.25
139,Gold,High limit card,7168.96,4886.97,86.3
140,Student,High limit card,697.85,4598.41,90.24
141,Gold,Includes travel insurance,1236.94,4153.01,66.96
142,Platinum,Includes travel insurance,3242.14,1330.26,73.63
143,Gold,Basic card,5089.91,4410.71,20.35
144,Classic,Includes travel insurance,4961.86,3194.29,69.02
145,Premium,High limit card,5475.41,4211.94,32.26
146,Student,Suitable for students,3286.24,2073.95,17.96
147,Classic,Includes travel insurance,3245.8,1875.85,13.26
148,Student,Suitable for students,7242.28,2748.53,62.67
149,Business,High limit card,4537.7,933.02,38.22
150,Business,Suitable for students,9376.27,394.19,78.98
151,Gold,Basic card,9319.29,2948.86,29.66
152,Premium,Basic card,5136.93,3454.29,28.64
153,Platinum,Suitable for students,1509.2,2296.64,77.03
154,Platinum,Contactless support,6806.54,1362.54,2.07
155,Premium,Basic card,9459.65,4729.54,31.85
156,Premium,Basic card,4054.57,1781.47,28.36
157,Gold,Includes travel insurance,9670.0,3120.08,63.03
158,Premium,Basic card,3340.3,3171.76,97.06
159,Student,Includes travel insurance,2753.76,3907.12,83.82
160,Platinum,Contactless support,1670.47,4184.18,41.88
161,Classic,Basic card,9946.29,1329.1,67.74
162,Gold,Includes travel insurance,1348.16,2235.94,27.21
163,Student,High limit card,7243.83,4360.94,86.9
164,Business,Suitable for students,9324.74,4380.25,91.33
165,Classic,High limit card,797.27,839.28,1.07
166,Premium,Includes travel insurance,1927.65,2864.66,54.64
167,Business,Includes travel insurance,1267.02,3389.38,42.24
168,Classic,Suitable for students,1893.4,4040.53,34.12
169,Student,Includes travel insurance,3133.1,4239.6,10.97
170,Gold,Basic card,1689.38,2508.79,73.05
171,Business,Includes travel insurance,4875.94,1598.56,51.86
172,Student,Includes travel insurance,1001.13,1009.97,1.11
173,Student,High limit card,5877.42,1788.13,44.72
174,Premium,Suitable for students,7250.01,3509.47,38.64
175,Gold,Includes travel insurance,6584.74,2279.54,19.05
176,Platinum,Includes travel insurance,5893.78,1598.25,7.03
177,Gold,Contactless support,9827.96,3885.91,55.36
178,Classic,Contactless support,7972.53,2811.61,28.6
179,Gold,Contactless support,859.95,1376.32,91.42
180,Business,Suitable for students,5422.21,1895.79,50.38
181,Premium,Contactless support,2115.43,1667.06,14.81
182,Business,Basic card,4264.38,3622.07,29.62
183,Classic,Suitable for students,9044.22,504.43,65.08
184,Classic,Includes travel insurance,2735.94,1562.9,76.36
185,Premium,Contactless support,5855.81,542.42,36.4
186,Premium,Contactless support,1467.28,1361.74,86.05
187,Student,Suitable for students,2609.02,2512.79,20.75
188,Business,Basic card,21.57,4582.47,63.52
189,Platinum,High limit card,3520.42,2377.98,21.56
190,Business,Contactless support,5552.14,1551.49,41.6
191,Business,Suitable for students,1171.51,1955.3,74.44
192,Classic,Includes travel insurance,4120.48,1471.11,10.64
193,Business,Basic card,8032.57,1641.17,49.66
194,Classic,Basic card,6731.87,4440.46,12.18
195,Student,Basic card,9017.13,4876.86,44.26
196,Premium,Suitable for students,5197.67,1840.48,79.72
197,Platinum,Includes travel insurance,5484.15,2504.11,47.39
198,Gold,High limit card,6172.34,4577.02,43.16
199,Gold,Basic card,3133.32,2703.95,18.64
200,Business,Includes travel insurance,2140.59,2249.3,24.7
201,Premium,Contactless support,6346.84,449.37,35.81
202,Student,Basic card,4877.74,3792.2,46.29
203,Business,Basic card,184.94,916.79,16.72
204,Premium,Suitable for students,7202.45,458.21,55.74
205,Business,High limit card,5470.25,3690.42,19.08
206,Student,Includes travel insurance,251.32,303.29,97.36
207,Classic,Suitable for students,9076.35,300.88,37.0
208,Platinum,Suitable for students,4001.82,3771.81,99.76
209,Premium,High limit card,299.02,2793.21,2.86
210,Classic,High limit card,5206.32,4119.03,66.92
211,Student,Suitable for students,8528.73,4051.86,2.61
212,Business,Includes travel insurance,1087.22,3029.62,82.93
213,Premium,Suitable for students,4845.85,1421.54,92.62
214,Gold,High limit card,1711.42,4892.54,26.66
215,Platinum,Suitable for students,2409.51,1005.79,9.74
216,Student,Includes travel insurance,5128.97,1695.5,28.56
217,Gold,Suitable for students,5991.74,2040.36,84.29
218,Premium,Contactless support,8054.61,3216.63,65.31
219,Premium,Basic card,4714.01,3720.39,17.22
220,Gold,High limit card,6831.64,13.75,25.62
221,Student,Suitable for students,9482.66,1845.88,38.36
222,Premium,Includes travel insurance,709.06,99.17,56.86
223,Platinum,High limit card,6519.21,3977.39,56.9
224,Gold,Contactless support,527.2,3939.43,29.96
225,Business,High limit card,580.95,433.5,97.81
226,Platinum,Contactless support,8059.99,499.85,19.89
227,Student,Suitable for students,1971.92,637.07,44.63
228,Business,High limit card,4458.54,84.9,60.79
229,Platinum,Includes travel insurance,563.01,1057.15,72.27
230,Gold,High limit card,2594.61,287.57,28.52
231,Gold,Includes travel insurance,107.27,3848.91,30.33
232,Premium,Contactless support,3374.31,4684.41,25.72
233,Platinum,Includes travel insurance,3755.88,699.15,57.97
234,Gold,Contactless support,4853.35,2905.86,81.05
235,Gold,Suitable for students,8110.03,3591.48,84.59
236,Classic,Contactless support,9684.07,4316.31,5.74
237,Gold,Includes travel insurance,462.21,4556.09,97.15
238,Student,High limit card,5187.11,478.45,88.38
239,Premium,Includes travel insurance,7567.61,3531.4,98.99
240,Student,Suitable for students,393.26,4275.36,16.16
241,Premium,Includes travel insurance,5402.66,4645.08,65.35
242,Student,Includes travel insurance,6848.81,3309.22,11.76
243,Premium,High limit card,891.25,4168.8,80.08
244,Business,Suitable for students,2493.71,2535.24,32.11
245,Classic,Basic card,1677.76,3327.85,16.97
246,Platinum,Basic card,8494.79,3398.13,52.35
247,Premium,High limit card,4185.61,4500.51,13.95
248,Student,Basic card,5004.16,1801.6,90.37
249,Gold,Contactless support,6487.2,1561.82,40.27
250,Business,High limit card,6462.73,3228.84,38.87
251,Student,Suitable for students,3900.25,2868.12,64.95
252,Premium,Basic card,809.07,4969.04,72.84
253,Platinum,Basic card,1831.58,622.62,95.76
254,Premium,Includes travel insurance,9638.47,2940.53,35.44
255,Student,Basic card,2819.34,4244.99,53.96
256,Gold,High limit card,6605.12,1886.87,15.8
257,Business,Basic card,2787.95,3768.72,79.74
258,Platinum,Contactless support,6036.97,1154.71,3.52
259,Platinum,Suitable for students,9063.08,4663.85,54.51
260,Business,Includes travel insurance,3107.7,2347.71,82.9
261,Platinum,Basic card,4239.11,196.01,56.66
262,Classic,Suitable for students,2110.4,2544.79,53.68
263,Student,Contactless support,9281.82,2861.74,16.6
264,Business,Suitable for students,8691.14,4410.34,38.13
265,Student,Suitable for students,5817.41,1720.91,4.69
266,Gold,Includes travel insurance,1142.29,1232.76,91.1
267,Classic,Includes travel insurance,7334.33,479.55,75.31
268,Business,Basic card,89.61,4667.26,43.78
269,Gold,Suitable for students,9697.46,2618.76,51.38
270,Premium,Suitable for students,6692.66,1718.35,83.45
271,Platinum,Contactless support,7572.43,2661.75,22.69
272,Business,Includes travel insurance,4982.07,1428.37,62.08
273,Gold,Basic card,2438.16,1165.95,43.5
274,Platinum,Suitable for students,9990.63,505.4,40.78
275,Classic,Suitable for students,5207.79,2020.27,67.72
276,Platinum,Includes travel insurance,9183.93,4464.71,72.97
277,Classic,High limit card,9825.11,3762.63,88.55
278,Premium,Basic card,9113.2,322.92,51.43
279,Gold,High limit card,5753.25,818.91,85.39
280,Premium,Basic card,8175.46,1287.88,54.66
281,Gold,Suitable for students,4637.81,1878.71,76.33
282,Platinum,Contactless support,417.55,2470.79,67.9
283,Platinum,Includes travel insurance,4828.59,3281.18,19.12
284,Classic,Suitable for students,1889.17,2831.44,69.23
285,Classic,Includes travel insurance,5804.72,2718.55,89.79
286,Business,Basic card,4088.77,4859.63,68.84
287,Classic,Contactless support,1130.29,114.28,46.54
288,Premium,Basic card,358.87,2460.52,84.96
289,Platinum,Suitable for students,1849.89,56.56,7.1
290,Gold,Includes travel insurance,249.13,2844.3,12.37
291,Classic,Contactless support,1177.72,2698.74,49.5
292,Premium,Includes travel insurance,5391.91,1174.65,62.24
293,Premium,Includes travel insurance,5246.53,3139.89,85.26
294,Platinum,Contactless support,667.04,1717.42,23.11
295,Student,High limit card,5916.6,3392.34,76.46
296,Premium,High limit card,6893.86,2014.64,93.29
297,Gold,Contactless support,3028.01,770.94,14.18
298,Student,Contactless support,5131.32,4904.56,22.49
299,Platinum,Includes travel insurance,5621.22,656.96,11.18
300,Premium,Suitable for students,9349.75,3987.06,86.78
301,Platinum,Suitable for students,5078.18,3448.67,62.99
302,Classic,High limit card,663.04,2694.48,31.34
303,Premium,Suitable for students,5526.4,1496.96,64.77
304,Business,Basic card,9.4,3020.43,64.1
305,Platinum,Suitable for students,8060.92,4684.54,21.87
306,Gold,Basic card,6601.88,1008.46,12.3
307,Business,High limit card,7625.69,2101.87,49.05
308,Student,Contactless support,5080.66,1780.1,37.37
309,Student,Basic card,1951.87,1015.05,94.24
310,Student,Suitable for students,4180.68,1181.32,3.23
311,Classic,High limit card,8968.01,3074.67,53.79
312,Business,Contactless support,2751.51,773.06,40.69
313,Classic,Contactless support,269.4,414.59,29.47
314,Student,Suitable for students,143.03,2614.02,96.86
315,Platinum,Basic card,2324.31,3138.32,26.93
316,Business,High limit card,9006.35,4889.75,36.88
317,Classic,Includes travel insurance,241.7,2963.29,22.11
318,Business,Basic card,1778.01,2903.6,25.39
319,Business,Suitable for students,9680.24,4315.09,53.27
320,Business,Basic card,3029.45,3797.24,86.57
321,Classic,Suitable for students,4546.44,2463.99,94.06
322,Premium,High limit card,3077.2,30.18,25.29
323,Student,High limit card,8581.9,4703.11,51.87
324,Premium,Contactless support,4455.12,3604.54,28.64
325,Business,Basic card,3449.81,4602.66,71.39
326,Classic,Contactless support,6987.49,2636.76,31.5
327,Premium,Includes travel insurance,4638.66,1426.39,45.22
328,Classic,Basic card,2408.69,3873.46,33.84
329,Business,Basic card,704.25,4771.29,61.85
330,Classic,High limit card,4041.27,4889.63,11.0
331,Platinum,Includes travel insurance,3855.57,982.9,96.86
332,Gold,Suitable for students,3038.09,2245.55,74.32
333,Student,Suitable for students,3478.38,762.1,14.31
334,Business,Suitable for students,9976.98,1167.17,56.33
335,Student,Contactless support,8581.06,1719.44,31.13
336,Platinum,Suitable for students,9793.27,4174.69,41.24
337,Business,Includes travel insurance,3239.15,3007.21,95.26
338,Premium,Contactless support,1768.57,3640.55,78.12
339,Classic,Includes travel insurance,3019.04,3001.77,75.67
340,Business,Basic card,8049.17,2357.94,88.52
341,Business,Suitable for students,1388.41,917.37,58.51
342,Business,High limit card,6699.13,2463.76,12.02
343,Premium,Basic card,9891.61,1374.46,39.45
344,Gold,Suitable for students,5579.77,4658.34,17.87
345,Gold,Contactless support,9824.29,3087.76,97.24
346,Gold,Basic card,2954.54,2235.3,98.52
347,Classic,Contactless support,7949.72,1081.92,29.4
348,Platinum,Includes travel insurance,422.09,3086.05,50.91
349,Business,High limit card,6097.77,3404.37,88.51
350,Student,Basic card,3380.95,3056.41,65.69
351,Business,Includes travel insurance,2168.74,4735.44,28.49
352,Classic,Suitable for students,6199.38,2885.29,83.71
353,Student,Basic card,3396.17,4135.69,27.87
354,Business,Includes travel insurance,7875.6,3506.2,78.38
355,Student,Suitable for students,4097.74,3302.44,24.74
356,Classic,Suitable for students,2048.61,3360.83,79.92
357,Business,High limit card,6693.5,2312.03,12.05
358,Platinum,High limit card,4872.68,1575.61,85.21
359,Classic,Contactless support,796.77,607.73,12.58
360,Gold,Basic card,6734.65,141.33,98.54
361,Classic,Suitable for students,1873.42,1975.97,58.53
362,Classic,Includes travel insurance,8550.38,2582.49,91.76
363,Business,High limit card,3711.61,4233.4,56.0
364,Classic,Includes travel insurance,3192.61,167.06,42.4
365,Gold,Includes travel insurance,6996.59,4268.93,34.57
366,Student,Includes travel insurance,4651.22,173.47,80.0
367,Premium,Includes travel insurance,4630.98,3017.87,90.44
368,Gold,High limit card,485.91,806.67,4.61
369,Platinum,Includes travel insurance,7234.66,4558.28,94.7
370,Student,Suitable for students,6655.2,2594.35,20.56
371,Student,Basic card,6773.27,3111.44,58.52
372,Classic,Contactless support,111.38,1714.8,90.42
373,Gold,Includes travel insurance,2601.34,3441.06,15.35
374,Platinum,Includes travel insurance,9076.81,2663.47,21.72
375,Business,Suitable for students,2113.45,1827.8,42.69
376,Premium,Includes travel insurance,5932.21,1830.82,39.13
377,Platinum,Includes travel insurance,3362.23,1270.0,6.48
378,Student,Contactless support,4323.8,1687.6,86.8
379,Student,Basic card,9441.67,2145.56,2.55
380,Platinum,Basic card,9722.55,4616.46,46.15
381,Premium,Suitable for students,6100.48,932.74,25.9
382,Business,Basic card,3010.51,1162.98,80.89
383,Premium,Includes travel insurance,3379.15,2108.85,57.69
384,Premium,Includes travel insurance,6128.81,3521.13,32.71
385,Gold,Suitable for students,9069.28,4709.9,10.93
386,Classic,Contactless support,7891.31,616.97,59.09
387,Business,Suitable for students,7437.41,2865.65,81.96
388,Platinum,Basic card,3276.3,1489.96,25.66
389,Gold,High limit card,7195.74,580.74,63.0
390,Gold,Contactless support,3759.15,3395.03,18.44
391,Business,Includes travel insurance,9869.71,4200.14,8.78
392,Student,Suitable for students,5786.08,1004.38,52.9
393,Student,Suitable for students,7671.14,2850.9,42.05
394,Gold,Basic card,3078.42,4438.29,66.44
395,Platinum,Includes travel insurance,9417.11,3379.74,36.95
396,Gold,Suitable for students,4656.25,918.52,11.53
397,Gold,Suitable for students,1899.1,722.28,75.07
398,Student,Contactless support,2468.13,855.84,1.69
399,Gold,Contactless support,7110.51,974.7,95.41
400,Business,Suitable for students,8068.59,2446.46,65.11
401,Student,Includes travel insurance,8112.22,4881.64,86.87
402,Classic,High limit card,8759.04,3506.33,40.26
403,Gold,Contactless support,5717.84,270.73,7.56
404,Gold,Includes travel insurance,1405.62,2637.35,11.34
405,Business,Contactless support,1485.94,2314.22,99.47
406,Business,High limit card,181.19,506.73,85.59
407,Gold,Includes travel insurance,8550.09,1572.45,2.21
408,Business,Basic card,6416.07,4368.99,13.12
409,Platinum,High limit card,3099.87,2858.8,39.36
410,Business,Basic card,1897.41,2548.2,45.19
411,Classic,High limit card,871.92,2888.59,52.31
412,Classic,High limit card,6851.58,4515.4,29.31
413,Classic,High limit card,7268.87,4409.24,36.3
414,Business,Basic card,383.15,4981.16,14.97
415,Business,Basic card,6422.51,3033.02,89.79
416,Platinum,Includes travel insurance,1271.58,2958.36,49.51
417,Classic,Includes travel insurance,7894.41,3243.61,73.15
418,Gold,Includes travel insurance,7517.9,2219.55,61.86
419,Gold,Contactless support,8078.19,632.17,67.19
420,Gold,Contactless support,6102.27,2365.0,70.23
421,Student,Contactless support,1150.13,1545.22,78.24
422,Classic,High limit card,1819.52,1398.58,93.91
423,Student,Basic card,7085.42,3629.36,55.71
424,Business,Suitable for students,6158.53,42.35,86.47
425,Student,Includes travel insurance,7151.02,3806.52,20.32
426,Classic,Contactless support,1683.86,667.7,64.01
427,Platinum,High limit card,6281.91,1363.51,37.15
428,Platinum,Suitable for students,3248.84,2052.92,20.12
429,Gold,Contactless support,3434.97,1082.66,6.58
430,Student,Contactless support,7410.48,609.79,45.95
431,Gold,Includes travel insurance,2606.58,1150.48,82.15
432,Gold,Contactless support,882.39,2352.53,58.33
433,Business,Contactless support,8653.52,3532.66,83.56
434,Premium,High limit card,303.01,2134.84,7.93
435,Student,Contactless support,4073.61,1939.36,24.14
436,Premium,Includes travel insurance,1658.74,3284.55,91.63
437,Platinum,Suitable for students,8679.82,4728.54,41.15
438,Gold,Includes travel insurance,5327.79,4192.55,95.38
439,Platinum,Basic card,7596.19,1649.17,37.23
440,Platinum,Suitable for students,8099.48,1342.92,24.73
441,Business,Basic card,8236.21,2332.03,81.93
442,Classic,High limit card,7902.34,3876.62,93.21
443,Platinum,Basic card,4468.09,4252.89,56.35
444,Classic,Basic card,3186.76,3875.42,21.55
445,Platinum,Basic card,3674.88,3003.64,92.22
446,Business,High limit card,6926.63,3658.68,11.2
447,Platinum,High limit card,6684.49,3708.33,37.46
448,Student,Basic card,8366.86,2606.76,11.53
449,Platinum,Suitable for students,3868.53,547.26,99.41
450,Student,Contactless support,4042.16,1229.06,34.61
451,Platinum,High limit card,9054.09,4079.97,44.34
452,Gold,Suitable for students,9470.08,2939.48,16.14
453,Platinum,Basic card,5388.23,3298.8,60.03
454,Gold,Suitable for students,5664.02,1518.26,94.92
455,Classic,Contactless support,5040.26,1558.59,88.74
456,Business,Basic card,3433.0,4318.07,70.52
457,Premium,Contactless support,4453.93,1489.02,57.35
458,Gold,Suitable for students,7712.38,1394.74,30.43
459,Platinum,High limit card,1125.3,827.4,51.5
460,Platinum,Basic card,2095.95,4608.94,24.35
461,Premium,Suitable for students,2404.18,1859.44,25.21
462,Premium,High limit card,3033.46,48.06,14.76
463,Gold,Suitable for students,3835.45,3235.2,49.37
464,Business,Basic card,47.83,3439.75,35.37
465,Classic,Includes travel insurance,8910.19,3552.05,79.45
466,Platinum,Contactless support,190.21,1192.3,50.82
467,Business,Basic card,6259.78,2018.39,79.19
468,Premium,Contactless support,427.53,4930.17,4.91
469,Business,Includes travel insurance,9669.08,692.1,71.1
470,Gold,High limit card,645.4,531.96,53.83
471,Premium,Includes travel insurance,4000.61,3420.91,57.57
472,Premium,Suitable for students,3463.92,2559.74,9.22
473,Student,Basic card,8136.86,1828.76,81.82
474,Classic,Contactless support,8497.86,4603.86,53.11
475,Business,Includes travel insurance,4016.95,2127.98,78.65
476,Classic,Suitable for students,7361.83,4217.99,45.84
477,Classic,High limit card,2406.79,4377.03,76.38
478,Premium,Includes travel insurance,8325.37,3813.09,1.9
479,Platinum,Basic card,6683.56,1647.3,14.44
480,Premium,Includes travel insurance,3606.22,834.59,68.64
481,Classic,Basic card,7649.94,3964.29,25.99
482,Student,Suitable for students,7713.44,2604.74,45.72
483,Platinum,Contactless support,2861.42,672.52,57.38
484,Platinum,Contactless support,2078.2,4401.61,31.86
485,Student,Suitable for students,1549.92,2642.46,57.97
486,Platinum,High limit card,3463.7,2054.6,95.37
487,Student,Contactless support,2165.38,4041.26,42.04
488,Business,Suitable for students,4075.81,3256.94,93.82
489,Student,Includes travel insurance,9311.97,2272.98,4.83
490,Business,Includes travel insurance,8470.11,755.56,94.12
491,Premium,Contactless support,9759.9,4136.32,7.69
492,Classic,Contactless support,2277.24,4299.96,54.37
493,Platinum,Includes travel insurance,8619.69,3594.9,28.56
494,Premium,Includes travel insurance,7814.31,1676.37,44.28
495,Gold,Basic card,3774.2,3259.37,13.98
496,Premium,Suitable for students,8117.53,2813.97,75.78
497,Gold,Includes travel insurance,9725.48,4887.88,69.62
498,Student,Basic card,634.85,4685.41,42.14
499,Classic,High limit card,1708.34,3661.92,31.54
500,Student,Includes travel insurance,5287.3,3431.53,44.92
501,Business,Contactless support,4423.75,621.5,66.14
502,Classic,Basic card,3260.3,3420.72,69.57
503,Premium,Suitable for students,7095.85,1105.86,25.35
504,Student,Suitable for students,9565.08,2904.86,41.42
505,Gold,High limit card,3263.4,1585.58,60.2
506,Premium,High limit card,810.61,60.71,21.31
507,Platinum,Basic card,6702.38,3859.28,15.58
508,Classic,Includes travel insurance,2100.77,2066.66,11.79
509,Premium,Contactless support,1188.53,2380.61,23.28
510,Business,Contactless support,7966.5,3336.65,20.06
511,Premium,Suitable for students,8748.44,2293.88,9.17
512,Premium,Includes travel insurance,672.28,1472.81,4.03
513,Classic,Contactless support,6386.96,784.0,61.8
514,Platinum,Suitable for students,3309.62,1482.16,79.05
515,Platinum,Contactless support,3138.63,844.32,82.14
516,Platinum,Contactless support,264.16,2857.4,96.08
517,Business,High limit card,6833.28,1549.97,18.2
518,Classic,Contactless support,1203.49,2914.52,37.6
519,Classic,Includes travel insurance,59.85,1792.22,9.61
520,Gold,High limit card,1466.84,2329.92,52.66
521,Classic,Basic card,4453.52,3721.77,92.05
522,Student,Contactless support,8267.37,1459.45,17.17
523,Business,Suitable for students,8922.68,3801.15,73.82
524,Business,Suitable for students,3057.41,1358.36,40.09
525,Classic,Suitable for students,3586.66,828.23,98.44
526,Gold,Includes travel insurance,3886.0,4260.61,94.53
527,Business,Includes travel insurance,6287.32,3030.71,13.55
528,Gold,Contactless support,7031.71,3737.45,45.34
529,Classic,Basic card,472.37,3275.26,33.02
530,Classic,Includes travel insurance,6676.49,2956.84,35.47
531,Premium,Contactless support,198.8,3421.94,33.72
532,Classic,Basic card,9421.22,3081.68,7.67
533,Premium,Basic card,3132.81,1954.04,66.51
534,Classic,Contactless support,6034.24,4260.0,67.33
535,Premium,Basic card,2864.09,4416.57,80.83
536,Gold,High limit card,5820.03,3252.14,47.24
537,Classic,Contactless support,1547.28,2305.89,21.24
538,Platinum,Contactless support,9133.2,3557.14,39.61
539,Gold,Contactless support,1857.25,2350.98,25.36
540,Student,Suitable for students,4306.06,4708.82,75.74
541,Gold,Includes travel insurance,6501.76,540.98,99.24
542,Business,Contactless support,8479.49,1269.78,75.54
543,Business,High limit card,517.49,2084.07,15.4
544,Platinum,Suitable for students,3242.6,307.67,76.12
545,Student,Includes travel insurance,9931.32,4489.0,65.89
546,Business,Includes travel insurance,4888.27,4269.03,91.63
547,Premium,High limit card,5095.08,43.76,68.6
548,Classic,Includes travel insurance,7859.25,3752.97,4.73
549,Business,Basic card,4533.76,4305.51,70.55
550,Platinum,Basic card,5166.2,2178.94,48.37
551,Student,Suitable for students,1190.92,4561.54,21.16
552,Premium,Includes travel insurance,7047.09,13.05,23.55
553,Student,Suitable for students,9090.77,421.52,88.66
554,Gold,High limit card,9509.89,1414.87,31.44
555,Gold,Suitable for students,4312.05,1118.33,46.63
556,Classic,High limit card,9459.16,4825.48,84.38
557,Platinum,Basic card,7715.01,4787.47,19.51
558,Classic,High limit card,7783.6,4891.12,10.31
559,Premium,Includes travel insurance,806.35,1703.95,48.18
560,Platinum,Basic card,3351.58,1081.66,40.4
561,Student,High limit card,7538.14,2718.9,15.67
562,Student,Suitable for students,1182.53,3480.11,99.41
563,Classic,Basic card,7994.58,3945.26,97.19
564,Business,Contactless support,5088.06,2527.49,4.79
565,Classic,High limit card,3619.45,3729.92,36.33
566,Student,High limit card,344.29,2836.93,8.04
567,Platinum,High limit card,1930.54,4621.17,84.24
568,Gold,Includes travel insurance,1254.54,1086.27,32.3
569,Student,Basic card,8827.51,4267.02,41.25
570,Gold,High limit card,1414.26,3993.11,3.15
571,Classic,High limit card,4119.33,1285.58,16.99
572,Premium,Basic card,2457.4,3753.59,98.31
573,Platinum,Suitable for students,9307.29,1942.74,3.42
574,Platinum,High limit card,9466.92,3248.33,68.59
575,Classic,Includes travel insurance,713.12,2587.61,72.52
576,Platinum,Basic card,8015.76,3722.5,54.63
577,Classic,Suitable for students,7130.88,741.26,66.19
578,Platinum,Suitable for students,6761.74,1060.89,28.35
579,Business,Contactless support,5550.19,656.96,15.53
580,Gold,Contactless support,3991.1,2083.56,6.81
581,Gold,Contactless support,2176.35,3904.74,40.93
582,Premium,Contactless support,6744.9,3184.16,86.23
583,Student,High limit card,6111.1,3773.2,17.07
584,Gold,Contactless support,8943.52,1607.45,15.33
585,Gold,Suitable for students,1783.62,1981.17,7.12
586,Student,Basic card,4124.57,2074.99,13.72
587,Premium,Contactless support,1642.33,4153.83,87.83
588,Premium,Suitable for students,5898.64,2898.21,73.42
589,Student,Basic card,2433.77,1470.44,9.27
590,Classic,High limit card,1451.51,2870.48,75.1
591,Platinum,High limit card,9570.08,1641.7,46.83
592,Platinum,Includes travel insurance,3337.71,4110.66,26.41
593,Classic,Suitable for students,3532.83,2786.44,14.69
594,Platinum,Suitable for students,9229.38,3643.0,31.79
595,Platinum,Basic card,2565.77,1625.23,84.33
596,Gold,Includes travel insurance,2498.9,4476.52,54.69
597,Platinum,Includes travel insurance,6782.83,1521.65,70.64
598,Classic,Basic card,2188.17,1225.04,94.41
599,Gold,Contactless support,9645.85,2265.32,93.41
600,Platinum,Suitable for students,7204.33,2741.46,15.77
601,Student,Includes travel insurance,4722.02,2143.03,53.77
602,Student,Suitable for students,569.16,2963.58,54.23
603,Gold,Includes travel insurance,5978.53,2436.88,21.6
604,Gold,Contactless support,8281.59,594.28,34.76
605,Platinum,Contactless support,202.45,3773.95,62.14
606,Classic,Suitable for students,2725.58,3588.94,3.5
607,Classic,High limit card,1188.67,2460.86,94.82
608,Gold,Suitable for students,7710.76,1079.37,68.87
609,Classic,Suitable for students,4829.54,3536.62,2.39
610,Student,High limit card,1200.97,1293.77,17.1
611,Platinum,High limit card,9114.38,2029.05,4.42
612,Student,Suitable for students,2823.1,582.8,81.11
613,Student,Contactless support,6578.02,1490.09,93.11
614,Platinum,Includes travel insurance,9487.17,4055.39,80.46
615,Gold,Suitable for students,1787.64,1286.82,48.04
616,Student,Contactless support,9927.36,3889.83,33.46
617,Classic,High limit card,4915.2,170.69,47.12
618,Gold,High limit card,4155.75,3420.3,44.16
619,Student,High limit card,4053.79,4843.19,75.54
620,Platinum,High limit card,6235.67,4704.81,18.57
621,Business,Contactless support,8359.09,580.16,38.38
622,Gold,Includes travel insurance,5483.12,1152.11,78.97
623,Student,Basic card,8872.55,340.83,20.77
624,Platinum,Contactless support,914.33,1560.28,1.85
625,Classic,Suitable for students,2707.43,2680.08,86.44
626,Student,Contactless support,3671.55,2137.46,5.03
627,Gold,Basic card,2281.6,3596.9,15.57
628,Classic,Suitable for students,7231.51,4844.31,8.38
629,Classic,Suitable for students,7980.32,4691.75,81.67
630,Student,Includes travel insurance,5203.83,3534.46,22.73
631,Student,High limit card,9962.91,844.2,26.05
632,Gold,High limit card,780.83,226.67,63.11
633,Business,Suitable for students,4482.64,4207.91,21.56
634,Platinum,Includes travel insurance,7894.07,4330.7,20.83
635,Platinum,Contactless support,4044.16,16.13,65.31
636,Premium,Contactless support,5618.49,4886.35,85.23
637,Student,Includes travel insurance,9381.49,187.67,96.35
638,Premium,High limit card,9134.46,3394.71,85.41
639,Student,Contactless support,6161.45,691.14,32.7
640,Gold,Contactless support,3926.62,2927.19,93.46
641,Classic,Suitable for students,4292.27,4252.87,69.58
642,Classic,Suitable for students,5866.93,3695.12,55.33
643,Classic,Suitable for students,1052.46,4466.31,81.82
644,Student,Suitable for students,8686.42,4813.11,75.67
645,Business,Includes travel insurance,9863.2,1775.81,79.26
646,Premium,Suitable for students,6922.21,2828.32,21.05
647,Platinum,Includes travel insurance,6490.88,2269.93,97.0
648,Classic,Includes travel insurance,4358.64,3807.61,54.56
649,Business,Suitable for students,460.12,1663.48,4.97
650,Premium,Contactless support,1079.3,4749.58,7.06
651,Gold,Basic card,6070.72,2205.5,32.91
652,Gold,Suitable for students,2693.46,4421.33,1.58
653,Gold,Contactless support,9398.8,2258.75,76.95
654,Business,High limit card,9065.11,4336.55,48.83
655,Student,Basic card,2842.09,4160.21,29.67
656,Student,High limit card,9890.91,3402.53,43.85
657,Platinum,Includes travel insurance,9810.63,2561.69,12.03
658,Gold,Includes travel insurance,1499.49,1319.04,58.56
659,Platinum,Contactless support,6168.48,4905.37,61.44
660,Gold,Includes travel insurance,5334.05,2426.61,2.43
661,Premium,Includes travel insurance,7220.68,1105.33,45.11
662,Classic,Suitable for students,3318.64,2951.44,23.37
663,Gold,Suitable for students,8966.47,3236.25,74.86
664,Platinum,Basic card,3044.94,2728.09,13.57
665,Student,Suitable for students,4670.83,4836.94,92.26
666,Gold,High limit card,3017.99,1009.19,11.36
667,Premium,Suitable for students,4939.95,2855.0,85.63
668,Premium,Suitable for students,7067.25,3041.99,88.11
669,Platinum,High limit card,3877.79,3389.19,3.13
670,Gold,Includes travel insurance,2651.29,2416.09,5.69
671,Gold,High limit card,7223.91,2594.08,18.76
672,Business,Suitable for students,8085.33,3995.42,6.26
673,Gold,Includes travel insurance,8530.49,1213.03,83.16
674,Student,High limit card,4308.71,2292.39,81.17
675,Student,Suitable for students,3620.63,1287.74,91.96
676,Premium,Basic card,2929.75,2371.35,74.95
677,Gold,Includes travel insurance,7449.49,3740.33,52.15
678,Platinum,Contactless support,3548.4,4358.2,51.3
679,Student,Suitable for students,137.21,1092.14,18.61
680,Business,Suitable for students,404.77,3036.81,26.99
681,Business,Contactless support,4882.59,173.36,92.36
682,Premium,Includes travel insurance,4720.12,3825.06,77.44
683,Gold,Includes travel insurance,9938.69,4276.52,93.35
684,Student,High limit card,2484.49,2449.77,52.99
685,Premium,Suitable for students,5636.39,919.42,77.56
686,Premium,Basic card,6034.39,4826.66,99.28
687,Premium,Contactless support,8365.31,3360.39,12.08
688,Platinum,Contactless support,4870.54,2776.78,69.52
689,Classic,Includes travel insurance,7886.32,3928.07,44.04
690,Student,Suitable for students,7763.41,4631.6,29.74
691,Classic,Contactless support,8078.06,3518.89,10.35
692,Gold,Includes travel insurance,9609.61,2608.47,1.31
693,Business,High limit card,2436.35,1392.3,1.99
694,Platinum,Contactless support,5014.69,99.87,74.37
695,Student,High limit card,3750.92,1522.93,11.32
696,Platinum,Includes travel insurance,2723.28,1483.23,89.6
697,Classic,High limit card,3635.52,615.37,98.81
698,Student,High limit card,5327.25,50.76,21.51
699,Business,Suitable for students,8953.29,743.02,49.11
700,Premium,High limit card,7266.44,1146.61,48.83
701,Student,Contactless support,4171.82,410.69,87.46
702,Classic,Basic card,6603.69,2174.85,48.08
703,Platinum,Contactless support,2898.26,1215.12,67.89
704,Gold,High limit card,7348.8,4694.74,18.18
705,Classic,Includes travel insurance,9654.9,2856.28,58.73
706,Platinum,Suitable for students,2006.28,4331.49,29.05
707,Premium,Includes travel insurance,6364.77,4741.3,93.11
708,Classic,Includes travel insurance,2426.82,3533.28,55.09
709,Premium,Suitable for students,6493.11,2474.88,70.84
710,Premium,Basic card,3855.57,3028.38,10.96
711,Business,High limit card,7250.11,4573.72,83.94
712,Gold,Contactless support,8400.93,3262.27,26.02
713,Platinum,Contactless support,353.11,3172.9,60.74
714,Business,Basic card,246.01,4587.42,61.71
715,Platinum,Contactless support,7657.86,942.68,33.01
716,Platinum,Contactless support,5586.24,1070.15,47.61
717,Platinum,Contactless support,2121.51,3443.94,45.93
718,Classic,High limit card,7184.23,4157.69,59.29
719,Classic,Contactless support,4166.95,1067.78,35.81
720,Business,High limit card,6036.86,4511.34,91.33
721,Student,Suitable for students,8444.66,1385.75,63.16
722,Student,Suitable for students,706.01,3222.42,97.45
723,Classic,Contactless support,4732.39,2190.66,14.47
724,Business,Basic card,7896.72,541.93,49.5
725,Gold,Includes travel insurance,113.23,4264.9,8.66
726,Classic,Contactless support,1304.32,2419.3,61.54
727,Classic,Suitable for students,3417.9,633.56,30.58
728,Classic,High limit card,3232.38,408.05,61.37
729,Platinum,High limit card,7654.27,4922.82,4.61
730,Premium,Suitable for students,9867.63,304.6,66.25
731,Student,Suitable for students,9453.32,561.46,9.39
732,Gold,Includes travel insurance,8783.06,3031.65,51.35
733,Business,Basic card,2952.8,3033.1,19.62
734,Student,Contactless support,1356.42,3092.11,22.88
735,Business,High limit card,3741.86,3724.6,99.97
736,Gold,High limit card,9305.89,4326.46,35.13
737,Premium,Basic card,2357.9,4340.66,50.04
738,Student,Contactless support,2653.05,856.6,35.14
739,Platinum,Suitable for students,6549.82,3432.78,42.78
740,Gold,Basic card,1556.08,821.14,37.2
741,Gold,Contactless support,3438.02,1366.19,63.19
742,Premium,Suitable for students,7521.65,4234.18,66.11
743,Classic,High limit card,9332.89,3814.37,93.44
744,Premium,High limit card,6125.25,3342.97,15.57
745,Platinum,Includes travel insurance,8612.53,140.43,57.19
746,Premium,Contactless support,9144.09,3043.58,62.87
747,Platinum,High limit card,8992.72,3433.07,25.02
748,Business,Basic card,3912.23,2305.07,64.97
749,Platinum,Contactless support,5208.34,2444.24,65.73
750,Student,Includes travel insurance,1040.45,2290.57,14.71
751,Business,High limit card,3115.19,388.83,73.64
752,Classic,Basic card,1624.8,2220.8,23.03
753,Premium,Includes travel insurance,4810.11,1771.95,16.58
754,Gold,High limit card,8086.25,2041.94,81.12
755,Platinum,Contactless support,790.27,422.04,88.31
756,Business,Contactless support,7786.83,875.7,21.51
757,Student,Contactless support,3217.74,4825.34,8.85
758,Student,Contactless support,1410.88,227.15,45.16
759,Platinum,Includes travel insurance,3824.29,4585.34,87.11
760,Premium,Suitable for students,3948.26,1956.37,45.23
761,Student,Contactless support,7181.14,1957.07,47.91
762,Classic,High limit card,778.94,2393.06,8.16
763,Platinum,Basic card,1636.49,1988.87,95.23
764,Platinum,High limit card,5598.7,2008.51,77.71
765,Student,Contactless support,55.16,1138.96,33.94
766,Student,Includes travel insurance,553.69,2349.76,15.61
767,Student,Suitable for students,7029.87,3685.87,70.82
768,Business,Includes travel insurance,1450.83,2509.94,3.51
769,Gold,Contactless support,3811.66,148.41,40.61
770,Classic,Contactless support,9781.38,1953.27,61.86
771,Student,Basic card,8887.71,4848.82,78.9
772,Gold,Contactless support,3577.84,1075.04,70.62
773,Platinum,Contactless support,4592.74,3526.71,69.71
774,Classic,Basic card,2197.51,2220.77,52.65
775,Platinum,Includes travel insurance,8306.19,1913.37,96.66
776,Gold,Includes travel insurance,4997.3,3984.42,33.22
777,Platinum,Suitable for students,4218.24,1209.41,67.89
778,Student,High limit card,33.86,4692.24,26.3
779,Premium,Suitable for students,2724.93,2084.2,3.45
780,Premium,Includes travel insurance,7611.66,1600.22,61.76
781,Platinum,High limit card,1220.5,968.63,3.94
782,Platinum,High limit card,1413.37,913.02,76.63
783,Platinum,Basic card,4575.32,1271.4,9.13
784,Premium,High limit card,4843.79,1056.68,91.16
785,Platinum,Suitable for students,5168.21,3919.54,89.0
786,Gold,High limit card,6900.06,3217.57,99.93
787,Premium,Basic card,3659.58,196.7,50.13
788,Gold,Includes travel insurance,354.4,2992.37,80.51
789,Premium,Basic card,5848.98,2366.56,97.93
790,Business,High limit card,747.07,1119.5,80.98
791,Platinum,Basic card,8936.05,2641.89,12.75
792,Premium,Basic card,2062.9,4656.25,46.14
793,Student,High limit card,456.19,1408.9,56.17
794,Gold,Includes travel insurance,9871.38,882.75,80.17
795,Student,Basic card,404.77,249.46,49.02
796,Platinum,Basic card,125.84,291.84,21.07
797,Gold,High limit card,173.94,1773.94,43.97
798,Platinum,Includes travel insurance,724.56,525.91,97.33
799,Business,Basic card,2927.13,4160.89,77.5
800,Business,Contactless support,9569.01,3030.03,50.14
801,Gold,High limit card,8019.71,3268.99,88.03
802,Business,Includes travel insurance,2349.77,4179.14,39.93
803,Classic,High limit card,4640.42,3036.55,50.52
804,Classic,High limit card,3038.0,1755.33,78.91
805,Student,Suitable for students,5908.05,4016.05,84.14
806,Classic,Basic card,5750.28,4800.04,24.03
807,Student,Basic card,9210.3,4774.54,58.63
808,Platinum,Contactless support,6191.72,2729.12,24.98
809,Business,High limit card,2765.62,1853.59,42.5
810,Gold,High limit card,9841.45,292.72,42.72
811,Student,Basic card,6001.98,2984.59,15.77
812,Student,Includes travel insurance,2033.34,2252.7,51.1
813,Platinum,Contactless support,2243.66,1791.07,99.37
814,Student,Suitable for students,1489.49,666.93,81.02
815,Student,Basic card,4728.87,858.15,13.96
816,Business,Contactless support,3580.41,654.0,81.25
817,Business,Includes travel insurance,8918.36,307.21,63.13
818,Premium,High limit card,3018.14,2102.2,38.82
819,Business,Basic card,5531.08,3281.29,16.5
820,Premium,High limit card,7620.33,4366.97,73.78
821,Premium,Contactless support,7383.38,2836.81,89.98
822,Business,Suitable for students,2236.17,1724.1,10.56
823,Student,Basic card,3392.18,1287.29,82.74
824,Premium,High limit card,9494.76,3403.77,80.57
825,Student,Includes travel insurance,6143.44,2359.83,29.55
826,Student,Includes travel insurance,6608.58,2253.27,24.59
827,Student,Contactless support,483.43,708.85,38.16
828,Platinum,Contactless support,434.15,4757.31,70.19
829,Platinum,Suitable for students,5680.08,1685.44,53.29
830,Classic,Suitable for students,9538.13,4950.64,57.76
831,Premium,Suitable for students,3268.4,4753.94,84.6
832,Student,High limit card,236.11,4644.02,58.93
833,Gold,Contactless support,7370.9,2114.79,9.51
834,Classic,Basic card,6427.48,4031.62,3.87
835,Gold,Includes travel insurance,1222.74,2589.88,40.29
836,Platinum,Basic card,2390.29,956.12,57.47
837,Business,Contactless support,5403.38,393.72,22.03
838,Gold,Suitable for students,2138.18,4935.35,59.77
839,Platinum,Basic card,2408.48,4040.19,51.86
840,Business,Suitable for students,9345.99,1521.88,11.82
841,Platinum,High limit card,4965.14,3210.21,22.61
842,Gold,High limit card,1057.18,726.06,27.75
843,Premium,Suitable for students,502.79,764.51,50.74
844,Classic,Contactless support,1520.32,696.29,62.4
845,Platinum,Contactless support,2978.54,1558.12,4.09
846,Student,Contactless support,3990.79,536.54,65.09
847,Classic,Basic card,5175.39,900.38,38.0
848,Premium,Includes travel insurance,7689.29,1258.43,27.02
849,Business,High limit card,8049.24,3021.47,68.01
850,Platinum,Basic card,746.49,3479.13,96.37
851,Premium,Includes travel insurance,9758.05,1830.06,81.19
852,Premium,Contactless support,6583.45,772.56,23.65
853,Business,Suitable for students,7076.81,525.61,79.91
854,Gold,Contactless support,9632.61,2496.91,44.55
855,Classic,High limit card,9976.58,1715.69,46.3
856,Student,High limit card,309.01,4460.68,62.24
857,Student,Suitable for students,949.72,4895.8,28.02
858,Classic,High limit card,4153.35,2814.04,29.58
859,Premium,Contactless support,8083.68,346.46,70.5
860,Gold,Includes travel insurance,7995.26,1848.9,96.57
861,Gold,High limit card,4100.58,725.46,84.81
862,Student,Basic card,7175.8,2492.38,48.84
863,Business,Includes travel insurance,5105.06,3643.79,39.57
864,Classic,Basic card,1457.57,185.45,95.52
865,Platinum,Contactless support,5307.82,4071.08,9.0
866,Classic,High limit card,8742.05,2257.22,69.58
867,Platinum,Suitable for students,6440.34,3232.15,51.05
868,Classic,Basic card,4111.55,820.22,80.19
869,Platinum,Includes travel insurance,6852.04,2197.1,61.21
870,Classic,High limit card,735.93,520.78,80.17
871,Platinum,Contactless support,141.73,4548.89,75.97
872,Platinum,Contactless support,1037.94,1218.59,87.33
873,Classic,High limit card,4835.53,4238.75,6.78
874,Student,Contactless support,6922.19,82.5,39.72
875,Business,Includes travel insurance,6488.54,4381.61,36.82
876,Student,Suitable for students,6164.37,4503.89,78.02
877,Premium,Basic card,8915.32,4288.44,20.1
878,Platinum,Includes travel insurance,9934.98,1059.28,79.99
879,Premium,Basic card,9588.94,679.62,5.16
880,Premium,Suitable for students,9772.49,3256.95,80.16
881,Student,Includes travel insurance,7263.75,2558.66,22.75
882,Platinum,Suitable for students,7036.33,2587.66,82.96
883,Gold,Includes travel insurance,8721.01,1465.38,54.71
884,Business,Contactless support,5183.16,3337.81,94.38
885,Student,Includes travel insurance,6973.82,4770.14,99.46
886,Platinum,Includes travel insurance,4367.75,810.1,52.57
887,Platinum,Includes travel insurance,2096.62,4655.11,98.84
888,Student,Basic card,3325.89,2672.52,64.32
889,Gold,Suitable for students,9204.69,2266.89,96.59
890,Gold,Suitable for students,1187.17,1084.88,45.35
891,Gold,Includes travel insurance,606.62,3813.02,9.63
892,Business,Contactless support,4380.69,1965.38,94.5
893,Business,Suitable for students,4231.68,1570.7,89.07
894,Classic,Suitable for students,3134.64,833.06,71.29
895,Student,Contactless support,8898.95,1412.75,16.31
896,Premium,Includes travel insurance,8133.76,1903.8,3.48
897,Platinum,Basic card,3448.27,1504.64,51.13
898,Student,Basic card,4263.37,4050.66,83.73
899,Business,Suitable for students,5959.08,2610.32,8.21
900,Platinum,Basic card,9773.33,3583.35,46.08
901,Premium,Suitable for students,8844.83,3097.42,37.93
902,Student,Contactless support,1490.34,3992.88,28.58
903,Platinum,Suitable for students,8770.29,1293.56,35.86
904,Business,High limit card,6943.41,3025.49,24.96
905,Premium,Contactless support,2298.02,1949.02,70.57
906,Business,Contactless support,5022.63,295.84,86.46
907,Gold,Includes travel insurance,3118.89,2577.17,67.56
908,Premium,Contactless support,5500.84,1190.11,74.76
909,Classic,Suitable for students,7075.55,2733.13,37.17
910,Business,Includes travel insurance,4154.13,1690.25,61.5
911,Gold,Basic card,8472.8,4222.05,39.0
912,Classic,Contactless support,9329.24,351.11,78.97
913,Student,High limit card,123.44,2657.17,76.46
914,Business,High limit card,5154.42,1396.74,84.25
915,Premium,Suitable for students,173.11,1854.75,68.65
916,Classic,Contactless support,3916.87,4231.62,29.18
917,Business,Includes travel insurance,4923.49,2024.95,91.42
918,Student,High limit card,3588.45,311.47,21.29
919,Business,Includes travel insurance,6945.12,660.81,74.7
920,Business,Includes travel insurance,9072.96,471.82,97.93
921,Classic,Basic card,5293.11,4963.3,93.38
922,Business,Basic card,1831.6,1801.6,12.02
923,Business,Includes travel insurance,1710.02,969.83,46.64
924,Classic,High limit card,9163.9,2801.98,8.06
925,Premium,Suitable for students,6530.63,4474.01,62.62
926,Platinum,Basic card,9853.55,2500.94,89.97
927,Premium,Contactless support,8987.99,2139.95,13.43
928,Business,Suitable for students,3880.75,2075.54,93.89
929,Business,Suitable for students,7273.95,260.52,96.82
930,Business,Basic card,1391.05,2389.31,4.8
931,Classic,Suitable for students,3931.23,1489.63,88.78
932,Business,Suitable for students,8754.56,2818.08,54.18
933,Premium,Suitable for students,252.98,3931.55,50.54
934,Business,Suitable for students,8653.11,1298.4,67.73
935,Business,High limit card,7544.6,3623.7,1.79
936,Business,High limit card,2405.59,1908.22,68.66
937,Student,Includes travel insurance,8531.8,2765.4,42.07
938,Premium,High limit card,2722.61,228.3,19.54
939,Gold,Basic card,1517.43,4353.04,22.43
940,Premium,Suitable for students,3428.57,599.39,48.66
941,Gold,Contactless support,6875.23,4746.55,9.76
942,Student,Contactless support,5010.84,3753.31,83.74
943,Platinum,Includes travel insurance,7226.42,2495.28,14.57
944,Classic,Suitable for students,9994.16,4861.34,53.13
945,Premium,Suitable for students,5407.55,4407.78,33.24
946,Platinum,Basic card,5644.92,1102.81,62.81
947,Classic,Includes travel insurance,1057.87,2550.72,62.09
948,Business,Includes travel insurance,7094.55,3083.77,27.01
949,Student,Contactless support,3385.63,1751.03,15.15
950,Classic,Basic card,3816.03,4644.54,99.65
951,Business,Suitable for students,981.72,4756.8,58.19
952,Premium,Includes travel insurance,5033.54,2919.83,2.46
953,Platinum,Contactless support,7917.23,1051.72,96.8
954,Premium,High limit card,6291.83,66.64,87.06
955,Student,Basic card,5583.43,947.73,48.81
956,Platinum,Includes travel insurance,7194.49,386.55,78.81
957,Platinum,Contactless support,9786.61,4897.14,69.52
958,Premium,Includes travel insurance,4587.86,1053.33,24.46
959,Gold,Basic card,6443.41,1596.64,39.42
960,Platinum,Suitable for students,9970.43,4200.99,14.55
961,Classic,Contactless support,9517.65,689.71,78.2
962,Student,Basic card,3198.37,309.61,76.23
963,Business,Contactless support,1077.84,261.3,24.17
964,Classic,High limit card,2657.49,3818.94,45.08
965,Classic,Suitable for students,9089.16,3821.46,56.6
966,Business,Basic card,4593.5,3912.31,66.48
967,Platinum,Basic card,25.84,2436.14,20.32
968,Gold,Suitable for students,914.18,717.48,28.75
969,Classic,Basic card,1226.9,1686.4,57.4
970,Student,High limit card,1383.25,3782.46,2.29
971,Premium,Includes travel insurance,1517.69,466.17,34.2
972,Student,Basic card,8868.78,316.95,23.31
973,Business,Includes travel insurance,4863.3,4934.02,42.27
974,Platinum,Contactless support,8550.5,370.0,12.0
975,Classic,Contactless support,129.86,2951.59,36.1
976,Classic,High limit card,2099.04,4500.58,23.02
977,Gold,Basic card,2434.69,764.16,69.96
978,Premium,Includes travel insurance,8530.15,1936.17,41.2
979,Business,Basic card,1087.37,1863.93,3.53
980,Premium,High limit card,4489.98,1363.33,63.91
981,Classic,Includes travel insurance,981.23,4428.8,99.5
982,Classic,Basic card,2358.96,1898.7,98.28
983,Gold,High limit card,3511.04,2011.03,53.95
984,Business,Contactless support,8021.47,4065.92,12.47
985,Platinum,Basic card,6563.59,437.71,62.6
986,Classic,High limit card,8977.24,2508.68,33.69
987,Gold,Suitable for students,6257.19,1332.97,10.97
988,Platinum,Contactless support,7932.31,1362.11,73.02
989,Premium,Contactless support,5770.44,1397.62,3.98
990,Gold,Includes travel insurance,2247.93,3040.62,36.63
991,Student,Includes travel insurance,5909.49,4696.78,11.27
992,Premium,Contactless support,9104.28,339.92,29.07
993,Business,High limit card,7916.22,885.54,71.77
994,Classic,Contactless support,5904.34,2396.28,96.99
995,Business,High limit card,6469.88,3494.66,57.36
996,Classic,High limit card,8882.97,244.98,30.43
997,Premium,High limit card,6546.16,3562.99,34.3
998,Student,Includes travel insurance,7192.78,3417.11,59.46
999,Classic,Contactless support,8874.5,2430.79,51.91
1000,Premium,Contactless support,6269.87,189.22,71.73
